n_exteroceptor,vision_distance,p,n_complete,alpha_size,alpha_duration,ks_size,ks_duration,D
4,30,0.007937,100,,,,,
4,30,0.008772,100,,,,,
4,30,0.009607,100,,,,,
4,30,0.010443,100,,,,,
4,30,0.011278,100,,,,,
4,30,0.012114,100,,,,,
4,30,0.012949,101,,,,,
4,30,0.013784,101,,,,,
4,30,0.01462,105,,,,,
4,30,0.015455,117,,,,,
4,30,0.016291,128,,,,,
4,30,0.017126,233,2.55769,2.709521,0.009026,0.011157,1.7873940000000001
4,30,0.017962,2276,2.434014,2.626886,0.031267,0.035181,1.6273479999999996
4,30,0.018797,4004,1.777296,2.012215,0.028018,0.025783,0.34331199999999984
4,30,0.019632,4605,1.889617,2.204339,0.009067,0.015383,0.6184060000000002
4,30,0.020468,3987,1.969015,2.205608,0.019119,0.018538,0.7122799999999998
4,30,0.021303,2888,1.928486,2.156826,0.023788,0.025686,0.6347860000000001
4,30,0.022139,3179,2.177109,2.42652,0.027732,0.024942,1.1563030000000003
4,30,0.022974,2002,1.735902,2.16221,0.041872,0.033457,0.47344100000000006
4,30,0.02381,2678,1.931278,2.232126,0.02543,0.036049,0.724883
8,30,0.007937,100,,,,,
8,30,0.008772,100,,,,,
8,30,0.009607,100,,,,,
8,30,0.010443,101,,,,,
8,30,0.011278,100,,,,,
8,30,0.012114,100,,,,,
8,30,0.012949,102,,,,,
8,30,0.013784,100,,,,,
8,30,0.01462,104,,,,,
8,30,0.015455,111,,,,,
8,30,0.016291,110,2.95144,3.0,0.127537,0.113547,2.692524
8,30,0.017126,215,2.531104,2.802905,0.023306,0.017524,1.8748390000000001
8,30,0.017962,1706,2.217064,2.587899,0.042709,0.044846,1.3925180000000001
8,30,0.018797,3456,1.849961,2.268139,0.046704,0.03768,0.7024840000000001
8,30,0.019632,4506,1.902124,2.120738,0.017983,0.016259,0.5571039999999997
8,30,0.020468,4913,1.970747,2.262985,0.018941,0.017939,0.7706120000000001
8,30,0.021303,2484,1.85818,2.130036,0.032408,0.030843,0.5514669999999999
8,30,0.022139,3395,2.060605,2.14866,0.033386,0.032313,0.7749639999999999
8,30,0.022974,2373,1.756076,1.996703,0.026012,0.031062,0.31644700000000003
8,30,0.02381,2569,1.973139,2.234392,0.020555,0.014504,0.7425900000000001
16,30,0.007937,100,,,,,
16,30,0.008772,100,,,,,
16,30,0.009607,100,,,,,
16,30,0.010443,102,,,,,
16,30,0.011278,103,,,,,
16,30,0.012114,100,,,,,
16,30,0.012949,100,,,,,
16,30,0.013784,106,,,,,
16,30,0.01462,105,,,,,
16,30,0.015455,109,,,,,
16,30,0.016291,133,3.0,3.0,0.032754,0.040273,2.573027
16,30,0.017126,190,2.525244,2.706592,0.01397,0.022786,1.768592
16,30,0.017962,1309,2.26805,2.598404,0.071433,0.060855,1.4987420000000002
16,30,0.018797,2735,2.133693,2.590316,0.036656,0.043431,1.3040960000000001
16,30,0.019632,4966,1.910491,2.187472,0.011473,0.016763,0.626199
16,30,0.020468,5221,1.982674,2.416841,0.023776,0.022843,0.9461339999999998
16,30,0.021303,3678,1.99561,2.225696,0.020805,0.018232,0.7603430000000002
16,30,0.022139,4187,2.081207,2.311301,0.021064,0.016622,0.9301939999999999
16,30,0.022974,2687,1.730628,2.105672,0.035776,0.035583,0.40765900000000027
16,30,0.02381,2789,1.867988,2.190122,0.029513,0.029235,0.6168580000000001
32,30,0.007937,100,,,,,
32,30,0.008772,100,,,,,
32,30,0.009607,100,,,,,
32,30,0.010443,100,,,,,
32,30,0.011278,100,,,,,
32,30,0.012114,100,,,,,
32,30,0.012949,101,,,,,
32,30,0.013784,103,,,,,
32,30,0.01462,104,,,,,
32,30,0.015455,106,,,,,
32,30,0.016291,117,3.0,3.0,0.018638,0.039887,2.558525
32,30,0.017126,128,2.728198,2.580981,0.083107,0.153222,2.045508
32,30,0.017962,168,2.250952,2.381543,0.036083,0.028989,1.197567
32,30,0.018797,339,1.711273,1.868568,0.025775,0.028094,0.39657400000000004
32,30,0.019632,1708,2.258944,2.549342,0.043667,0.045563,1.3975160000000002
32,30,0.020468,3054,2.195992,2.23065,0.025766,0.026335,0.9787429999999997
32,30,0.021303,3614,2.033628,2.368344,0.036999,0.027674,0.9666450000000002
32,30,0.022139,4431,2.005421,2.253827,0.020659,0.016841,0.7967479999999999
32,30,0.022974,3569,2.088068,2.338009,0.045416,0.036941,1.0084339999999998
32,30,0.02381,3698,1.936133,2.221059,0.015526,0.015789,0.6885070000000001
2,40,0.007937,100,,,,,
2,40,0.008772,100,,,,,
2,40,0.009607,100,,,,,
2,40,0.010443,100,,,,,
2,40,0.011278,100,,,,,
2,40,0.012114,101,,,,,
2,40,0.012949,101,,,,,
2,40,0.013784,102,,,,,
2,40,0.01462,108,,,,,
2,40,0.015455,112,3.0,,0.048029,,
2,40,0.016291,166,3.0,3.0,0.021936,0.02796,2.5498960000000004
2,40,0.017126,512,2.141281,2.379513,0.045226,0.044581,1.1106010000000004
2,40,0.017962,1480,2.068129,2.073029,0.027005,0.043647,0.7118099999999998
2,40,0.018797,721,2.144853,2.050984,0.059405,0.064876,0.8201180000000001
2,40,0.019632,511,2.019085,2.27717,0.03166,0.030984,0.858899
2,40,0.020468,1054,2.269419,2.71591,0.051363,0.049478,1.58617
2,40,0.021303,125,2.067527,2.28186,0.097432,0.066628,1.013447
2,40,0.022139,1101,2.166167,2.456805,0.041252,0.017707,1.1819310000000003
2,40,0.022974,569,2.366057,2.190269,0.06449,0.062633,1.1834489999999998
2,40,0.02381,315,1.834366,2.01903,0.051807,0.055479,0.4606819999999998
4,40,0.007937,100,,,,,
4,40,0.008772,100,,,,,
4,40,0.009607,100,,,,,
4,40,0.010443,100,,,,,
4,40,0.011278,101,,,,,
4,40,0.012114,100,,,,,
4,40,0.012949,104,,,,,
4,40,0.013784,105,,,,,
4,40,0.01462,111,,,,,
4,40,0.015455,115,,,,,
4,40,0.016291,140,2.998608,2.901636,0.024574,0.213909,2.638727
4,40,0.017126,305,2.283911,2.454932,0.025061,0.027339,1.2912429999999997
4,40,0.017962,1046,1.620163,2.036106,0.043868,0.036805,0.2369420000000002
4,40,0.018797,657,1.840479,2.17344,0.032313,0.044422,0.5906539999999998
4,40,0.019632,890,2.469179,2.986817,0.029968,0.041273,2.027237
4,40,0.020468,508,1.831825,2.016766,0.024622,0.023436,0.3966490000000001
4,40,0.021303,477,2.261455,2.527933,0.043057,0.043454,1.3758990000000002
4,40,0.022139,1124,2.159376,2.353597,0.029409,0.018483,1.0608650000000002
4,40,0.022974,617,2.047031,2.418811,0.046386,0.028738,1.0409659999999998
4,40,0.02381,337,1.898582,2.145806,0.041019,0.030764,0.6161709999999999
8,40,0.007937,100,,,,,
8,40,0.008772,100,,,,,
8,40,0.009607,100,,,,,
8,40,0.010443,100,,,,,
8,40,0.011278,100,,,,,
8,40,0.012114,100,,,,,
8,40,0.012949,101,,,,,
8,40,0.013784,103,,,,,
8,40,0.01462,105,,,,,
8,40,0.015455,115,3.0,3.0,0.046353,0.055049,2.6014019999999998
8,40,0.016291,143,3.0,,0.021239,,
8,40,0.017126,393,2.348771,2.721094,0.029394,0.02597,1.625229
8,40,0.017962,1173,2.182451,2.4154,0.046901,0.029867,1.174619
8,40,0.018797,714,1.794083,1.928312,0.024334,0.029252,0.4193570000000001
8,40,0.019632,1053,1.914517,2.534453,0.053704,0.040523,1.0431970000000002
8,40,0.020468,823,2.178729,2.269996,0.054484,0.050452,1.053661
8,40,0.021303,473,2.097724,2.459611,0.061142,0.06441,1.1828870000000002
8,40,0.022139,1188,2.069367,2.355363,0.021374,0.050508,0.9966120000000003
8,40,0.022974,478,2.073307,2.225322,0.035444,0.029483,0.8635559999999997
8,40,0.02381,347,1.831385,2.000382,0.044446,0.044523,0.4207360000000001
16,40,0.007937,100,,,,,
16,40,0.008772,100,,,,,
16,40,0.009607,100,,,,,
16,40,0.010443,100,,,,,
16,40,0.011278,101,,,,,
16,40,0.012114,100,,,,,
16,40,0.012949,105,,,,,
16,40,0.013784,101,,,,,
16,40,0.01462,109,3.0,3.0,0.095648,0.095648,2.6912960000000004
16,40,0.015455,113,3.0,3.0,0.051938,0.006362,2.5583
16,40,0.016291,136,2.88186,2.975757,0.025554,0.019724,2.4028950000000004
16,40,0.017126,279,2.059627,2.416919,0.018677,0.018595,1.0138179999999999
16,40,0.017962,1037,1.831039,1.593257,0.065876,0.062905,0.8665630000000002
16,40,0.018797,723,1.967485,2.132766,0.038312,0.042283,0.6808460000000001
16,40,0.019632,924,1.911732,2.145064,0.038464,0.025376,0.6206360000000001
16,40,0.020468,1010,2.018886,2.186674,0.037346,0.030198,0.7731040000000001
16,40,0.021303,252,1.539626,1.656948,0.072297,0.062429,0.5174039999999999
16,40,0.022139,1077,2.034198,2.214408,0.024366,0.031269,0.8042410000000001
16,40,0.022974,519,2.021855,2.294478,0.047067,0.041817,0.9052169999999997
16,40,0.02381,341,1.721953,1.920183,0.032851,0.046685,0.3813060000000001
32,40,0.007937,100,,,,,
32,40,0.008772,100,,,,,
32,40,0.009607,100,,,,,
32,40,0.010443,100,,,,,
32,40,0.011278,105,,,,,
32,40,0.012114,101,,,,,
32,40,0.012949,103,3.0,,0.018638,,
32,40,0.013784,102,3.0,,0.070053,,
32,40,0.01462,103,3.0,3.0,0.015561,0.025269,2.54083
32,40,0.015455,109,2.815869,2.84751,0.043017,0.048055,2.2544510000000004
32,40,0.016291,115,2.654663,2.762622,0.011371,0.021766,1.950422
32,40,0.017126,148,2.626465,2.770386,0.016148,0.013205,1.9262039999999998
32,40,0.017962,294,1.761347,1.903194,0.033813,0.027922,0.41988799999999993
32,40,0.018797,633,1.431472,1.544107,0.047791,0.056093,0.628305
32,40,0.019632,479,1.433643,1.544345,0.036816,0.038163,0.5969909999999998
32,40,0.020468,560,1.712821,1.90549,0.048734,0.046553,0.40261800000000003
32,40,0.021303,205,1.548672,1.677095,0.059432,0.053766,0.484775
32,40,0.022139,1423,1.941397,2.264522,0.025764,0.029353,0.7610359999999999
32,40,0.022974,1001,1.976999,2.297471,0.059549,0.050268,0.8842869999999997
32,40,0.02381,377,1.640126,1.852244,0.042557,0.044394,0.37483299999999997
2,50,0.007937,100,,,,,
2,50,0.008772,101,,,,,
2,50,0.009607,100,,,,,
2,50,0.010443,100,,,,,
2,50,0.011278,103,,,,,
2,50,0.012114,102,,,,,
2,50,0.012949,102,,,,,
2,50,0.013784,101,,,,,
2,50,0.01462,111,,,,,
2,50,0.015455,124,,,,,
2,50,0.016291,183,2.73772,2.827148,0.013888,0.018274,2.09703
2,50,0.017126,1121,1.734394,1.953422,0.025178,0.027516,0.33366599999999996
2,50,0.017962,329,1.779972,1.959732,0.04374,0.041152,0.4051320000000001
2,50,0.018797,179,2.221582,2.500195,0.021331,0.016914,1.2600220000000004
2,50,0.019632,159,2.194775,2.404614,0.016875,0.051018,1.167282
2,50,0.020468,358,2.907275,2.465479,0.079773,0.081143,2.0336700000000003
2,50,0.021303,100,2.70835,2.945947,0.016257,0.034316,2.2048699999999997
2,50,0.022139,112,2.469141,3.0,0.135565,0.034164,2.1388700000000003
2,50,0.022974,82,3.0,,0.033946,,
2,50,0.02381,77,1.96176,2.12417,0.158822,0.143763,0.8885149999999998
4,50,0.007937,100,,,,,
4,50,0.008772,100,,,,,
4,50,0.009607,100,,,,,
4,50,0.010443,100,,,,,
4,50,0.011278,100,,,,,
4,50,0.012114,101,,,,,
4,50,0.012949,103,,,,,
4,50,0.013784,103,,,,,
4,50,0.01462,111,3.0,,0.006362,,
4,50,0.015455,124,2.458466,3.0,0.235762,0.015717,2.209945
4,50,0.016291,199,2.489795,2.686084,0.014591,0.01436,1.70483
4,50,0.017126,804,1.58121,1.741606,0.027839,0.026827,0.39427
4,50,0.017962,399,1.791109,1.970148,0.026256,0.046052,0.39326900000000004
4,50,0.018797,201,2.548389,2.312842,0.051058,0.044716,1.4570049999999997
4,50,0.019632,169,2.426953,2.654517,0.033798,0.030881,1.6461489999999999
4,50,0.020468,353,2.580249,2.845312,0.099198,0.077834,2.1025929999999997
4,50,0.021303,93,2.569629,2.869629,0.017466,0.038767,1.9954910000000001
4,50,0.022139,92,2.782471,3.0,0.005874,0.015919,2.304264
4,50,0.022974,84,2.193311,2.392749,0.164352,0.12407,1.3744819999999998
4,50,0.02381,85,1.386184,1.536625,0.172098,0.130899,0.880188
8,50,0.007937,100,,,,,
8,50,0.008772,100,,,,,
8,50,0.009607,100,,,,,
8,50,0.010443,100,,,,,
8,50,0.011278,101,,,,,
8,50,0.012114,100,,,,,
8,50,0.012949,102,,,,,
8,50,0.013784,104,,,,,
8,50,0.01462,112,,,,,
8,50,0.015455,134,2.652759,2.712891,0.114316,0.377303,2.357269
8,50,0.016291,215,2.37605,2.492212,0.041364,0.02748,1.437106
8,50,0.017126,720,1.523731,1.723252,0.018151,0.034114,0.35274399999999995
8,50,0.017962,355,1.83104,2.22179,0.042797,0.0479,0.643527
8,50,0.018797,205,2.025602,2.276807,0.012629,0.013986,0.829024
8,50,0.019632,161,2.182983,2.405713,0.03867,0.059636,1.1870020000000001
8,50,0.020468,113,2.875049,3.0,0.095718,0.01864,2.4894070000000004
8,50,0.021303,92,3.0,,0.048527,,
8,50,0.022139,79,2.456323,3.0,0.058705,0.028852,2.0438799999999997
8,50,0.022974,82,2.570947,2.657666,0.099394,0.152277,1.9802839999999997
8,50,0.02381,84,1.949514,2.020858,0.193965,0.206348,0.8706849999999999
16,50,0.007937,100,,,,,
16,50,0.008772,100,,,,,
16,50,0.009607,101,,,,,
16,50,0.010443,100,,,,,
16,50,0.011278,101,,,,,
16,50,0.012114,103,,,,,
16,50,0.012949,101,,,,,
16,50,0.013784,104,3.0,3.0,0.043093,0.043093,2.5861859999999997
16,50,0.01462,111,3.0,,0.028068,,
16,50,0.015455,126,2.722485,2.84751,0.016204,0.018993,2.105192
16,50,0.016291,189,2.280908,2.431934,0.032765,0.019098,1.2647050000000002
16,50,0.017126,410,1.766266,1.913065,0.029757,0.037452,0.42040999999999984
16,50,0.017962,402,1.700873,2.166811,0.049384,0.049223,0.4662910000000001
16,50,0.018797,223,1.876483,2.080669,0.026178,0.033907,0.5172369999999997
16,50,0.019632,146,2.405566,2.652759,0.013555,0.015841,1.587721
16,50,0.020468,113,2.364624,2.625732,0.030172,0.028658,1.5491860000000004
16,50,0.021303,76,2.735889,3.0,0.11391,0.017726,2.367525
16,50,0.022139,74,2.689966,2.988647,0.033081,0.020149,2.231843
16,50,0.022974,71,2.722705,,0.181929,,
16,50,0.02381,66,2.736061,2.691564,0.125481,0.10283,2.155936
32,50,0.007937,100,,,,,
32,50,0.008772,100,,,,,
32,50,0.009607,100,,,,,
32,50,0.010443,100,,,,,
32,50,0.011278,100,,,,,
32,50,0.012114,104,,,,,
32,50,0.012949,101,3.0,,0.088885,,
32,50,0.013784,105,3.0,3.0,0.029824,0.063331,2.593155
32,50,0.01462,104,3.0,3.0,0.025643,0.025643,2.551286
32,50,0.015455,114,2.645288,2.721899,0.013531,0.022228,1.9029459999999998
32,50,0.016291,129,2.492798,2.586255,0.015427,0.026853,1.6213330000000001
32,50,0.017126,219,2.009411,2.358423,0.022132,0.032929,0.9228950000000002
32,50,0.017962,466,1.443046,1.554298,0.043041,0.036728,0.582425
32,50,0.018797,214,1.755067,1.917921,0.041993,0.053775,0.43291399999999997
32,50,0.019632,147,2.044938,2.187378,0.038126,0.068632,0.839074
32,50,0.020468,98,2.17998,2.411572,0.017187,0.021524,1.1302630000000002
32,50,0.021303,66,2.411572,2.663892,0.015622,0.035763,1.6268490000000002
32,50,0.022139,74,2.747021,2.957593,0.031307,0.013391,2.249312
32,50,0.022974,57,2.479687,2.813232,0.101077,0.073134,1.9671300000000005
32,50,0.02381,64,2.947924,1.59053,0.159781,0.161198,2.178373
2,60,0.007937,100,,,,,
2,60,0.008772,100,,,,,
2,60,0.009607,100,,,,,
2,60,0.010443,100,,,,,
2,60,0.011278,101,,,,,
2,60,0.012114,100,,,,,
2,60,0.012949,101,,,,,
2,60,0.013784,104,3.0,,0.018638,,
2,60,0.01462,118,3.0,,0.030206,,
2,60,0.015455,147,2.93584,3.0,0.026938,0.019355,2.4821329999999997
2,60,0.016291,274,2.175,2.358325,0.024988,0.026716,1.0850289999999996
2,60,0.017126,454,1.67602,1.855817,0.049315,0.047626,0.417144
2,60,0.017962,258,2.081117,2.30603,0.030296,0.044642,0.9620849999999996
2,60,0.018797,140,2.290723,2.525464,0.045028,0.043715,1.4049299999999998
2,60,0.019632,132,2.789648,3.0,0.016428,0.018141,2.324217
2,60,0.020468,96,3.0,,0.011843,,
2,60,0.021303,77,2.965576,,0.010923,,
2,60,0.022139,75,,,,,
2,60,0.022974,57,,,,,
2,60,0.02381,52,,,,,
4,60,0.007937,100,,,,,
4,60,0.008772,100,,,,,
4,60,0.009607,100,,,,,
4,60,0.010443,101,,,,,
4,60,0.011278,100,,,,,
4,60,0.012114,100,,,,,
4,60,0.012949,101,3.0,3.0,0.078984,0.078984,2.6579680000000003
4,60,0.013784,109,,,,,
4,60,0.01462,110,3.0,3.0,0.049911,0.059002,2.608913
4,60,0.015455,151,2.446069,2.633276,0.02709,0.024093,1.630528
4,60,0.016291,265,2.098389,2.253882,0.032883,0.033056,0.91821
4,60,0.017126,406,1.695802,2.085132,0.053783,0.048754,0.3834710000000003
4,60,0.017962,218,2.030125,2.264429,0.044818,0.04653,0.8859019999999997
4,60,0.018797,137,2.222241,2.543628,0.033981,0.032017,1.331867
4,60,0.019632,115,3.0,3.0,0.028962,0.046353,2.575315
4,60,0.020468,95,2.79668,2.939429,0.011886,0.023376,2.271371
4,60,0.021303,72,3.0,,0.084759,,
4,60,0.022139,61,,,,,
4,60,0.022974,73,,,,,
4,60,0.02381,50,,,,,
8,60,0.007937,100,,,,,
8,60,0.008772,100,,,,,
8,60,0.009607,100,,,,,
8,60,0.010443,100,,,,,
8,60,0.011278,104,,,,,
8,60,0.012114,102,,,,,
8,60,0.012949,103,,,,,
8,60,0.013784,104,3.0,,0.044873,,
8,60,0.01462,110,,,,,
8,60,0.015455,148,2.893506,,0.019299,,
8,60,0.016291,277,2.097803,2.280615,0.013642,0.032393,0.924453
8,60,0.017126,395,2.020531,2.50801,0.043651,0.039389,1.1115810000000002
8,60,0.017962,209,1.977053,2.39707,0.024989,0.031039,0.9301509999999998
8,60,0.018797,121,2.587646,2.876807,0.014555,0.012409,1.9914169999999998
8,60,0.019632,120,2.49397,2.797192,0.01914,0.051444,1.861746
8,60,0.020468,83,2.800415,,0.312079,,
8,60,0.021303,74,3.0,,0.059985,,
8,60,0.022139,63,,,,,
8,60,0.022974,53,,,,,
8,60,0.02381,50,,,,,
16,60,0.007937,100,,,,,
16,60,0.008772,100,,,,,
16,60,0.009607,100,,,,,
16,60,0.010443,100,,,,,
16,60,0.011278,100,,,,,
16,60,0.012114,100,,,,,
16,60,0.012949,102,,,,,
16,60,0.013784,104,3.0,3.0,0.033477,0.035258,2.5687349999999998
16,60,0.01462,116,3.0,,0.038804,,
16,60,0.015455,124,2.877979,2.98103,0.023918,0.030897,2.413824
16,60,0.016291,199,2.503345,2.859155,0.033648,0.038861,1.9350089999999998
16,60,0.017126,420,1.596697,1.751017,0.015569,0.021958,0.38320699999999996
16,60,0.017962,214,2.183072,2.590063,0.030053,0.03128,1.334468
16,60,0.018797,141,2.261792,2.500269,0.037158,0.022095,1.3213139999999997
16,60,0.019632,96,2.415308,,0.049393,,
16,60,0.020468,74,2.838428,3.0,0.024307,0.023564,2.3862989999999997
16,60,0.021303,71,3.0,,0.019208,,
16,60,0.022139,56,,,,,
16,60,0.022974,43,,,,,
16,60,0.02381,42,,,,,
32,60,0.007937,100,,,,,
32,60,0.008772,100,,,,,
32,60,0.009607,100,,,,,
32,60,0.010443,101,,,,,
32,60,0.011278,102,,,,,
32,60,0.012114,100,,,,,
32,60,0.012949,100,3.0,3.0,0.014104,0.014104,2.5282080000000002
32,60,0.013784,103,2.963892,3.0,0.074675,0.022462,2.561029
32,60,0.01462,112,2.673779,2.759692,0.03001,0.045182,2.008663
32,60,0.015455,132,2.693628,2.864648,0.018469,0.039465,2.1162099999999997
32,60,0.016291,150,2.218945,2.323315,0.011543,0.030772,1.0845750000000003
32,60,0.017126,327,1.545691,2.019442,0.044511,0.052473,0.1621170000000001
32,60,0.017962,207,1.717935,2.051145,0.041743,0.052991,0.36381399999999997
32,60,0.018797,144,2.058568,2.249634,0.017324,0.02501,0.8505360000000001
32,60,0.019632,98,2.750391,2.945435,0.018085,0.026138,2.240049
32,60,0.020468,60,2.837036,3.0,0.019284,0.015241,2.371561
32,60,0.021303,49,3.0,,0.08646,,
32,60,0.022139,38,,,,,
32,60,0.022974,33,,,,,
32,60,0.02381,21,,,,,
2,70,0.007937,100,,,,,
2,70,0.008772,100,,,,,
2,70,0.009607,100,,,,,
2,70,0.010443,100,,,,,
2,70,0.011278,100,,,,,
2,70,0.012114,102,3.0,3.0,0.018638,0.018638,2.5372760000000003
2,70,0.012949,103,,,,,
2,70,0.013784,110,3.0,3.0,0.027741,0.036831,2.5645719999999996
2,70,0.01462,119,3.0,3.0,0.042042,0.042042,2.584084
2,70,0.015455,161,2.725342,2.888306,0.031493,0.045625,2.190766
2,70,0.016291,444,1.715066,1.805959,0.02844,0.033305,0.47085199999999994
2,70,0.017126,271,1.945118,2.172803,0.03572,0.039415,0.6930559999999999
2,70,0.017962,179,2.174634,2.418091,0.01725,0.034387,1.144362
2,70,0.018797,122,2.542236,2.882812,0.023207,0.032002,1.980257
2,70,0.019632,95,2.710693,,0.049832,,
2,70,0.020468,72,3.0,,0.029204,,
2,70,0.021303,62,,,,,
2,70,0.022139,53,,,,,
2,70,0.022974,46,,,,,
2,70,0.02381,36,,,,,
4,70,0.007937,100,,,,,
4,70,0.008772,100,,,,,
4,70,0.009607,101,,,,,
4,70,0.010443,101,,,,,
4,70,0.011278,100,,,,,
4,70,0.012114,103,,,,,
4,70,0.012949,102,,,,,
4,70,0.013784,109,,,,,
4,70,0.01462,118,2.759253,2.85249,0.015446,0.022167,2.149356
4,70,0.015455,140,2.613867,2.701318,0.029999,0.019984,1.8651680000000002
4,70,0.016291,547,1.690175,1.996645,0.047064,0.051974,0.292568
4,70,0.017126,227,1.886021,2.105786,0.046095,0.056394,0.5942960000000002
4,70,0.017962,162,2.751929,2.404907,0.040837,0.057376,1.7550490000000003
4,70,0.018797,103,2.702344,,0.047322,,
4,70,0.019632,96,2.839307,,0.02698,,
4,70,0.020468,73,,,,,
4,70,0.021303,56,,,,,
4,70,0.022139,51,,,,,
4,70,0.022974,42,,,,,
4,70,0.02381,38,,,,,
8,70,0.007937,100,,,,,
8,70,0.008772,100,,,,,
8,70,0.009607,100,,,,,
8,70,0.010443,100,,,,,
8,70,0.011278,100,,,,,
8,70,0.012114,103,,,,,
8,70,0.012949,104,,,,,
8,70,0.013784,110,3.0,3.0,0.049911,0.049911,2.5998219999999996
8,70,0.01462,111,,,,,
8,70,0.015455,179,2.278271,2.374292,0.044378,0.046349,1.2432900000000002
8,70,0.016291,446,1.835109,2.32688,0.035406,0.041217,0.7386120000000002
8,70,0.017126,246,1.963909,2.15332,0.026092,0.040793,0.6841139999999998
8,70,0.017962,156,2.339868,2.586987,0.034076,0.031519,1.4924500000000003
8,70,0.018797,128,2.676489,2.901562,0.029777,0.17213,2.2799580000000006
8,70,0.019632,79,2.666162,2.917676,0.012845,0.048047,2.14473
8,70,0.020468,66,,,,,
8,70,0.021303,50,,,,,
8,70,0.022139,46,,,,,
8,70,0.022974,43,,,,,
8,70,0.02381,37,,,,,
16,70,0.007937,100,,,,,
16,70,0.008772,100,,,,,
16,70,0.009607,100,,,,,
16,70,0.010443,100,,,,,
16,70,0.011278,100,,,,,
16,70,0.012114,104,,,,,
16,70,0.012949,105,3.0,3.0,0.016485,0.035533,2.552018
16,70,0.013784,109,2.955908,3.0,0.027577,0.033742,2.517227
16,70,0.01462,119,2.74248,2.818213,0.022155,0.031754,2.114602
16,70,0.015455,160,2.368652,2.54187,0.013152,0.023031,1.446705
16,70,0.016291,323,1.650162,1.795709,0.043279,0.028047,0.4257789999999999
16,70,0.017126,228,1.8772,2.048036,0.031989,0.040852,0.49807700000000016
16,70,0.017962,151,2.201367,2.373706,0.016102,0.054347,1.1455219999999997
16,70,0.018797,111,2.384766,2.647632,0.034577,0.045424,1.6123990000000001
16,70,0.019632,79,2.963965,3.0,0.02147,0.02613,2.511565
16,70,0.020468,63,,,,,
16,70,0.021303,42,,,,,
16,70,0.022139,37,,,,,
16,70,0.022974,38,,,,,
16,70,0.02381,30,,,,,
32,70,0.007937,100,,,,,
32,70,0.008772,100,,,,,
32,70,0.009607,100,,,,,
32,70,0.010443,100,,,,,
32,70,0.011278,101,3.0,,0.049281,,
32,70,0.012114,102,,,,,
32,70,0.012949,103,3.0,,0.03217,,
32,70,0.013784,112,3.0,3.0,0.034164,0.037318,2.571482
32,70,0.01462,120,2.339062,2.418237,0.039682,0.029865,1.3268460000000002
32,70,0.015455,118,2.051157,2.143506,0.048945,0.069581,0.8131889999999998
32,70,0.016291,188,1.757272,1.889457,0.039419,0.056819,0.464053
32,70,0.017126,267,1.438712,1.594497,0.033199,0.019953,0.5199429999999999
32,70,0.017962,122,2.068927,2.257104,0.027804,0.031021,0.884856
32,70,0.018797,98,2.267651,2.41626,0.046738,0.063433,1.2940819999999997
32,70,0.019632,61,2.745557,2.989746,0.026164,0.017015,2.2784819999999995
32,70,0.020468,54,3.0,3.0,0.016743,0.019944,2.536687
32,70,0.021303,35,,,,,
32,70,0.022139,31,,,,,
32,70,0.022974,17,,,,,
32,70,0.02381,26,,,,,
2,80,0.007937,100,,,,,
2,80,0.008772,101,,,,,
2,80,0.009607,100,,,,,
2,80,0.010443,100,,,,,
2,80,0.011278,101,,,,,
2,80,0.012114,103,3.0,3.0,0.095648,0.095648,2.6912960000000004
2,80,0.012949,107,3.0,3.0,0.055943,0.055943,2.611886
2,80,0.013784,112,3.0,3.0,0.069878,0.078807,2.648685
2,80,0.01462,131,2.677808,2.776465,0.017267,0.013714,1.985254
2,80,0.015455,189,2.912915,2.524365,0.02469,0.046923,2.008893
2,80,0.016291,526,1.433334,1.552773,0.031857,0.024871,0.5706209999999999
2,80,0.017126,205,2.087307,2.617529,0.044375,0.054836,1.3040470000000004
2,80,0.017962,131,2.443799,2.800342,0.053635,0.030968,1.8287440000000001
2,80,0.018797,100,3.0,,0.014104,,
2,80,0.019632,69,3.0,,0.00836,,
2,80,0.020468,52,,,,,
2,80,0.021303,52,,,,,
2,80,0.022139,38,,,,,
2,80,0.022974,32,,,,,
2,80,0.02381,32,,,,,
4,80,0.007937,100,,,,,
4,80,0.008772,100,,,,,
4,80,0.009607,100,,,,,
4,80,0.010443,100,,,,,
4,80,0.011278,101,,,,,
4,80,0.012114,102,3.0,,0.060249,,
4,80,0.012949,101,3.0,,0.049281,,
4,80,0.013784,126,2.954883,3.0,0.016073,0.022384,2.4933400000000003
4,80,0.01462,132,2.913281,2.992236,0.039247,0.04296,2.487724
4,80,0.015455,161,2.392163,2.514624,0.028466,0.016208,1.4514610000000001
4,80,0.016291,421,1.489105,1.62933,0.016534,0.019167,0.41726600000000014
4,80,0.017126,191,2.361497,2.959644,0.047742,0.05139,1.920273
4,80,0.017962,110,2.391431,2.684619,0.020854,0.027445,1.6243489999999998
4,80,0.018797,81,2.846997,3.0,0.282682,0.020947,2.650626
4,80,0.019632,76,3.0,,0.011473,,
4,80,0.020468,51,,,,,
4,80,0.021303,47,,,,,
4,80,0.022139,31,,,,,
4,80,0.022974,30,,,,,
4,80,0.02381,38,,,,,
8,80,0.007937,100,,,,,
8,80,0.008772,100,,,,,
8,80,0.009607,100,,,,,
8,80,0.010443,102,,,,,
8,80,0.011278,103,,,,,
8,80,0.012114,103,,,,,
8,80,0.012949,102,3.0,3.0,0.030838,0.030838,2.5616760000000003
8,80,0.013784,115,2.933936,2.978027,0.013884,0.02017,2.446017
8,80,0.01462,124,2.658325,2.766724,0.02929,0.022178,1.976517
8,80,0.015455,212,2.038268,2.17478,0.036379,0.05512,0.8045470000000001
8,80,0.016291,343,1.516455,1.740292,0.046104,0.020858,0.3431250000000001
8,80,0.017126,185,1.990702,2.196533,0.059543,0.04308,0.7898580000000001
8,80,0.017962,121,2.274976,2.503784,0.04692,0.068568,1.3942480000000002
8,80,0.018797,94,2.858496,3.0,0.034643,0.034035,2.427174
8,80,0.019632,62,2.962207,,0.013356,,
8,80,0.020468,41,,,,,
8,80,0.021303,47,,,,,
8,80,0.022139,45,,,,,
8,80,0.022974,27,,,,,
8,80,0.02381,24,,,,,
16,80,0.007937,100,,,,,
16,80,0.008772,101,,,,,
16,80,0.009607,101,,,,,
16,80,0.010443,101,,,,,
16,80,0.011278,101,,,,,
16,80,0.012114,102,3.0,,0.040642,,
16,80,0.012949,102,,,,,
16,80,0.013784,104,2.61731,2.704468,0.015071,0.02595,1.8627989999999996
16,80,0.01462,132,2.363306,2.485547,0.034862,0.033945,1.4176600000000001
16,80,0.015455,167,2.30374,2.606836,0.033595,0.04888,1.493051
16,80,0.016291,361,1.494561,1.621835,0.036703,0.02764,0.44794700000000004
16,80,0.017126,174,2.018624,2.197266,0.039609,0.055172,0.8106709999999999
16,80,0.017962,115,2.392163,2.642358,0.023599,0.026334,1.5844540000000003
16,80,0.018797,74,2.758447,2.960596,0.0247,0.029112,2.272855
16,80,0.019632,57,,,,,
16,80,0.020468,52,2.628662,,0.068722,,
16,80,0.021303,27,,,,,
16,80,0.022139,34,,,,,
16,80,0.022974,26,,,,,
16,80,0.02381,26,,,,,
32,80,0.007937,100,,,,,
32,80,0.008772,100,,,,,
32,80,0.009607,100,,,,,
32,80,0.010443,100,,,,,
32,80,0.011278,100,3.0,,0.048093,,
32,80,0.012114,102,3.0,3.0,0.01123,0.01123,2.5224599999999997
32,80,0.012949,104,2.704468,2.765698,0.045181,0.055814,2.0711609999999996
32,80,0.013784,117,2.818286,2.847729,0.021182,0.023232,2.2104290000000004
32,80,0.01462,117,2.19082,2.270215,0.019761,0.040708,1.021504
32,80,0.015455,148,2.328939,2.661694,0.05364,0.045663,1.5899359999999998
32,80,0.016291,250,1.553548,1.684187,0.051478,0.043828,0.46466699999999983
32,80,0.017126,136,1.908036,2.064331,0.039936,0.033942,0.5462450000000002
32,80,0.017962,89,2.090039,2.277832,0.064757,0.07102,1.003648
32,80,0.018797,66,2.626465,2.971509,0.014824,0.024921,2.137719
32,80,0.019632,43,,,,,
32,80,0.020468,24,,,,,
32,80,0.021303,25,,,,,
32,80,0.022139,17,,,,,
32,80,0.022974,17,,,,,
32,80,0.02381,14,,,,,
2,90,0.007937,100,,,,,
2,90,0.008772,100,,,,,
2,90,0.009607,100,,,,,
2,90,0.010443,102,,,,,
2,90,0.011278,101,,,,,
2,90,0.012114,103,3.0,,0.095648,,
2,90,0.012949,105,,,,,
2,90,0.013784,113,2.925146,2.952466,0.015987,0.019941,2.41354
2,90,0.01462,140,2.391064,2.549268,0.013624,0.027237,1.4811930000000002
2,90,0.015455,199,2.233813,2.721313,0.022102,0.034335,1.511563
2,90,0.016291,251,2.11123,1.947461,0.048784,0.047411,0.7599639999999999
2,90,0.017126,165,2.09187,2.321045,0.038371,0.042922,0.994208
2,90,0.017962,107,2.562744,2.800562,0.029591,0.035641,1.928538
2,90,0.018797,68,,,,,
2,90,0.019632,53,,,,,
2,90,0.020468,42,,,,,
2,90,0.021303,35,,,,,
2,90,0.022139,39,,,,,
2,90,0.022974,33,,,,,
2,90,0.02381,21,,,,,
4,90,0.007937,100,,,,,
4,90,0.008772,100,,,,,
4,90,0.009607,101,,,,,
4,90,0.010443,100,,,,,
4,90,0.011278,104,,,,,
4,90,0.012114,107,,,,,
4,90,0.012949,106,3.0,3.0,0.026368,0.026368,2.5527360000000003
4,90,0.013784,118,2.818213,3.0,0.122157,0.021731,2.462101
4,90,0.01462,141,2.54751,2.656494,0.019417,0.02504,1.7484609999999998
4,90,0.015455,251,2.023363,2.170312,0.026403,0.032819,0.7528969999999998
4,90,0.016291,203,2.00342,2.197632,0.036889,0.029826,0.7677670000000002
4,90,0.017126,138,2.070617,2.298267,0.073598,0.081728,1.02421
4,90,0.017962,95,2.638989,2.978906,0.02402,0.028875,2.17079
4,90,0.018797,81,3.0,,0.029438,,
4,90,0.019632,52,,,,,
4,90,0.020468,43,,,,,
4,90,0.021303,38,,,,,
4,90,0.022139,34,,,,,
4,90,0.022974,20,,,,,
4,90,0.02381,20,,,,,
8,90,0.007937,100,,,,,
8,90,0.008772,100,,,,,
8,90,0.009607,100,,,,,
8,90,0.010443,100,,,,,
8,90,0.011278,104,3.0,3.0,0.055205,0.055205,2.61041
8,90,0.012114,104,,,,,
8,90,0.012949,112,,,,,
8,90,0.013784,118,2.760571,2.869043,0.031338,0.024735,2.185687
8,90,0.01462,132,2.550879,2.673706,0.021539,0.029997,1.7761210000000003
8,90,0.015455,219,2.231262,2.55769,0.02331,0.024322,1.336584
8,90,0.016291,232,1.934261,2.110181,0.032671,0.053603,0.6307159999999998
8,90,0.017126,122,2.099194,2.854175,0.066913,0.070915,1.591197
8,90,0.017962,87,2.889917,,0.022951,,
8,90,0.018797,70,2.871606,,0.02755,,
8,90,0.019632,55,2.889404,,0.169853,,
8,90,0.020468,43,,,,,
8,90,0.021303,31,,,,,
8,90,0.022139,29,,,,,
8,90,0.022974,26,,,,,
8,90,0.02381,20,,,,,
16,90,0.007937,100,,,,,
16,90,0.008772,100,,,,,
16,90,0.009607,100,,,,,
16,90,0.010443,102,,,,,
16,90,0.011278,101,3.0,,0.059182,,
16,90,0.012114,102,,,,,
16,90,0.012949,106,,,,,
16,90,0.013784,114,3.0,3.0,0.024521,0.024521,2.549042
16,90,0.01462,140,2.336279,2.4479,0.028804,0.048238,1.3612210000000005
16,90,0.015455,171,2.039757,2.16416,0.024036,0.040606,0.7685589999999997
16,90,0.016291,199,1.845241,2.007096,0.028423,0.020471,0.4012310000000001
16,90,0.017126,108,2.22627,2.436475,0.057931,0.083209,1.3038850000000002
16,90,0.017962,80,2.593286,2.884937,0.035671,0.0278,2.0416939999999997
16,90,0.018797,61,,,,,
16,90,0.019632,50,,,,,
16,90,0.020468,24,,,,,
16,90,0.021303,31,,,,,
16,90,0.022139,27,,,,,
16,90,0.022974,15,,,,,
16,90,0.02381,13,,,,,
32,90,0.007937,100,,,,,
32,90,0.008772,100,,,,,
32,90,0.009607,100,,,,,
32,90,0.010443,102,,,,,
32,90,0.011278,102,3.0,,0.034692,,
32,90,0.012114,104,2.731494,2.8177,0.022507,0.03555,2.107251
32,90,0.012949,109,2.530298,2.624927,0.027102,0.046071,1.728398
32,90,0.013784,116,2.336206,2.427759,0.026323,0.048325,1.3386129999999998
32,90,0.01462,123,2.173022,2.279297,0.037777,0.03864,1.028736
32,90,0.015455,145,1.877456,2.712085,0.038653,0.051837,1.180031
32,90,0.016291,220,1.342754,1.554432,0.090774,0.063998,0.757586
32,90,0.017126,114,2.019123,2.609399,0.035544,0.05261,1.2166759999999999
32,90,0.017962,68,2.366895,2.471704,0.038473,0.0628,1.4398719999999998
32,90,0.018797,48,2.663306,2.865381,0.069745,0.041472,2.1399040000000005
32,90,0.019632,23,,,,,
32,90,0.020468,22,,,,,
32,90,0.021303,19,,,,,
32,90,0.022139,15,,,,,
32,90,0.022974,11,,,,,
32,90,0.02381,6,,,,,
2,100,0.007937,101,,,,,
2,100,0.008772,100,,,,,
2,100,0.009607,100,,,,,
2,100,0.010443,103,,,,,
2,100,0.011278,103,,,,,
2,100,0.012114,101,,,,,
2,100,0.012949,107,3.0,3.0,0.027906,0.036067,2.5639730000000003
2,100,0.013784,119,2.830737,2.95459,0.021124,0.027235,2.333686
2,100,0.01462,149,2.77793,2.497339,0.014707,0.053593,1.8435690000000002
2,100,0.015455,371,1.683331,2.370119,0.036869,0.037983,0.6283019999999998
2,100,0.016291,175,1.995702,2.235059,0.04421,0.036763,0.8117340000000002
2,100,0.017126,129,2.614673,2.923682,0.01258,0.014565,2.0654999999999997
2,100,0.017962,77,2.849341,3.0,0.136278,0.025235,2.5108539999999997
2,100,0.018797,62,,,,,
2,100,0.019632,47,,,,,
2,100,0.020468,35,,,,,
2,100,0.021303,31,,,,,
2,100,0.022139,19,,,,,
2,100,0.022974,24,,,,,
2,100,0.02381,20,,,,,
4,100,0.007937,100,,,,,
4,100,0.008772,100,,,,,
4,100,0.009607,101,,,,,
4,100,0.010443,101,,,,,
4,100,0.011278,105,,,,,
4,100,0.012114,105,3.0,3.0,0.035533,0.045057,2.58059
4,100,0.012949,107,3.0,3.0,0.017375,0.036067,2.553442
4,100,0.013784,126,2.825684,2.866992,0.044158,0.050649,2.287483
4,100,0.01462,147,2.320972,2.501953,0.023237,0.045181,1.3913429999999996
4,100,0.015455,351,1.686058,1.836037,0.02182,0.036277,0.40811800000000015
4,100,0.016291,197,2.044316,2.279663,0.029045,0.032893,0.885917
4,100,0.017126,112,2.193384,2.434277,0.070788,0.061212,1.259661
4,100,0.017962,80,2.720508,,0.050908,,
4,100,0.018797,62,2.771997,,0.131268,,
4,100,0.019632,50,,,,,
4,100,0.020468,33,,,,,
4,100,0.021303,30,,,,,
4,100,0.022139,17,,,,,
4,100,0.022974,14,,,,,
4,100,0.02381,11,,,,,
8,100,0.007937,100,,,,,
8,100,0.008772,100,,,,,
8,100,0.009607,101,,,,,
8,100,0.010443,100,,,,,
8,100,0.011278,100,,,,,
8,100,0.012114,107,2.99751,,0.027827,,
8,100,0.012949,112,2.766577,2.840771,0.037419,0.049533,2.1942999999999997
8,100,0.013784,118,2.457275,2.552783,0.022633,0.019242,1.5519329999999998
8,100,0.01462,139,2.326904,2.437866,0.071921,0.091387,1.4280779999999997
8,100,0.015455,279,1.745166,1.977133,0.034617,0.021553,0.32420299999999996
8,100,0.016291,129,2.093994,2.281348,0.031061,0.029638,0.9360409999999999
8,100,0.017126,108,2.467529,2.716992,0.025383,0.037789,1.7476929999999997
8,100,0.017962,63,2.899512,3.0,0.038169,0.009362,2.447043
8,100,0.018797,61,2.91709,,0.027051,,
8,100,0.019632,40,,,,,
8,100,0.020468,24,,,,,
8,100,0.021303,29,,,,,
8,100,0.022139,18,,,,,
8,100,0.022974,18,,,,,
8,100,0.02381,15,,,,,
16,100,0.007937,100,,,,,
16,100,0.008772,100,,,,,
16,100,0.009607,100,,,,,
16,100,0.010443,100,,,,,
16,100,0.011278,106,,,,,
16,100,0.012114,101,3.0,,0.03938,,
16,100,0.012949,109,2.687402,2.76167,0.048551,0.061572,2.0591950000000003
16,100,0.013784,123,2.467603,2.603247,0.018495,0.034932,1.624277
16,100,0.01462,149,1.96746,2.966602,0.046134,0.042592,1.5227879999999998
16,100,0.015455,247,1.594822,1.833517,0.022842,0.049983,0.3341299999999999
16,100,0.016291,169,1.917594,2.102051,0.051555,0.07945,0.65065
16,100,0.017126,90,2.331079,2.582153,0.035278,0.029137,1.4776469999999997
16,100,0.017962,66,2.559888,,0.068345,,
16,100,0.018797,38,,,,,
16,100,0.019632,33,,,,,
16,100,0.020468,22,,,,,
16,100,0.021303,24,,,,,
16,100,0.022139,19,,,,,
16,100,0.022974,14,,,,,
16,100,0.02381,13,,,,,
32,100,0.007937,100,,,,,
32,100,0.008772,100,,,,,
32,100,0.009607,101,,,,,
32,100,0.010443,101,,,,,
32,100,0.011278,101,,,,,
32,100,0.012114,105,2.794629,2.836304,0.029594,0.036326,2.196853
32,100,0.012949,106,2.45354,2.575854,0.027676,0.053663,1.610733
32,100,0.013784,115,2.27146,2.383228,0.021035,0.040632,1.2163549999999996
32,100,0.01462,127,2.380664,2.750391,0.041104,0.036903,1.7090619999999999
32,100,0.015455,167,1.692452,2.032064,0.028644,0.054699,0.30785900000000016
32,100,0.016291,141,1.946604,2.431348,0.042832,0.055586,0.9763699999999998
32,100,0.017126,76,2.060902,2.219971,0.062623,0.084437,0.9279330000000001
32,100,0.017962,47,2.74292,,0.047631,,
32,100,0.018797,34,2.942944,,0.029766,,
32,100,0.019632,26,,,,,
32,100,0.020468,7,,,,,
32,100,0.021303,13,,,,,
32,100,0.022139,9,,,,,
32,100,0.022974,5,,,,,
32,100,0.02381,8,,,,,
2,150,0.007937,100,,,,,
2,150,0.008772,101,,,,,
2,150,0.009607,101,,,,,
2,150,0.010443,101,3.0,3.0,0.019355,0.032707,2.552062
2,150,0.011278,104,3.0,,0.043093,,
2,150,0.012114,112,2.400879,2.4854,0.047511,0.03692,1.4707100000000002
2,150,0.012949,132,2.158521,2.291016,0.067909,0.089718,1.1071639999999998
2,150,0.013784,148,2.042007,2.189868,0.031376,0.032855,0.796106
2,150,0.01462,401,1.389333,1.504088,0.072204,0.060916,0.739699
2,150,0.015455,100,2.503271,2.211401,0.054116,0.094133,1.3629209999999998
2,150,0.016291,57,2.868604,,0.058417,,
2,150,0.017126,38,,,,,
2,150,0.017962,17,,,,,
2,150,0.018797,30,,,,,
2,150,0.019632,12,,,,,
2,150,0.020468,8,,,,,
2,150,0.021303,5,,,,,
2,150,0.022139,5,,,,,
2,150,0.022974,1,,,,,
2,150,0.02381,3,,,,,
4,150,0.007937,100,,,,,
4,150,0.008772,100,,,,,
4,150,0.009607,104,,,,,
4,150,0.010443,105,,,,,
4,150,0.011278,102,3.0,,0.01123,,
4,150,0.012114,109,2.950049,3.0,0.01422,0.014944,2.4792129999999997
4,150,0.012949,133,2.293726,2.418896,0.034023,0.043101,1.289746
4,150,0.013784,157,1.904215,2.272642,0.025349,0.038037,0.7402429999999998
4,150,0.01462,409,1.347259,1.451819,0.07206,0.054962,0.827944
4,150,0.015455,95,2.309766,2.514404,0.031432,0.053784,1.409386
4,150,0.016291,59,2.996777,3.0,0.017906,0.030206,2.544889
4,150,0.017126,32,,,,,
4,150,0.017962,21,,,,,
4,150,0.018797,28,,,,,
4,150,0.019632,8,,,,,
4,150,0.020468,9,,,,,
4,150,0.021303,7,,,,,
4,150,0.022139,4,,,,,
4,150,0.022974,1,,,,,
4,150,0.02381,2,,,,,
8,150,0.007937,100,,,,,
8,150,0.008772,100,,,,,
8,150,0.009607,100,,,,,
8,150,0.010443,103,3.0,3.0,0.023584,0.025269,2.5488530000000003
8,150,0.011278,103,3.0,3.0,0.016373,0.025269,2.5416420000000004
8,150,0.012114,108,2.775659,2.846411,0.017013,0.012925,2.152008
8,150,0.012949,121,2.19375,2.266626,0.057537,0.077751,1.095664
8,150,0.013784,175,1.77652,1.906639,0.038842,0.071185,0.4799080000000001
8,150,0.01462,244,1.346675,1.44963,0.117032,0.090091,0.910818
8,150,0.015455,82,2.441968,,0.074072,,
8,150,0.016291,48,3.0,,0.022438,,
8,150,0.017126,39,3.0,,0.065529,,
8,150,0.017962,32,,,,,
8,150,0.018797,22,,,,,
8,150,0.019632,10,,,,,
8,150,0.020468,8,,,,,
8,150,0.021303,3,,,,,
8,150,0.022139,6,,,,,
8,150,0.022974,5,,,,,
8,150,0.02381,2,,,,,
16,150,0.007937,100,,,,,
16,150,0.008772,101,3.0,,0.044302,,
16,150,0.009607,101,3.0,3.0,0.014599,0.0245,2.539099
16,150,0.010443,102,3.0,,0.023489,,
16,150,0.011278,103,2.808911,2.931006,0.026659,0.045454,2.31203
16,150,0.012114,108,2.374292,2.439185,0.040814,0.056049,1.4103400000000001
16,150,0.012949,126,1.974586,2.779102,0.083137,0.097481,1.4343059999999999
16,150,0.013784,158,1.770297,1.903595,0.031303,0.060226,0.45823100000000005
16,150,0.01462,135,1.577693,1.719342,0.070516,0.040087,0.4689540000000001
16,150,0.015455,57,2.337158,2.449951,0.059809,0.061808,1.4087260000000001
16,150,0.016291,46,2.331885,,0.097576,,
16,150,0.017126,28,,,,,
16,150,0.017962,19,,,,,
16,150,0.018797,12,,,,,
16,150,0.019632,3,,,,,
16,150,0.020468,9,,,,,
16,150,0.021303,1,,,,,
16,150,0.022139,1,,,,,
16,150,0.022974,3,,,,,
16,150,0.02381,0,,,,,
32,150,0.007937,100,,,,,
32,150,0.008772,102,3.0,3.0,0.018182,0.023489,2.541671
32,150,0.009607,101,3.0,3.0,0.0245,0.0245,2.5490000000000004
32,150,0.010443,104,2.955103,,0.037166,,
32,150,0.011278,103,2.585522,2.750098,0.034987,0.06539,1.9359970000000002
32,150,0.012114,108,2.886987,2.43208,0.019023,0.082204,1.920294
32,150,0.012949,112,2.072412,2.5229,0.050307,0.039688,1.1853069999999999
32,150,0.013784,130,1.663572,1.989912,0.030953,0.055888,0.26050100000000015
32,150,0.01462,98,1.650453,1.785898,0.067615,0.034264,0.46643399999999996
32,150,0.015455,49,2.550659,2.634741,0.027999,0.019583,1.732982
32,150,0.016291,39,2.705566,2.705566,0.228926,0.228926,2.368984
32,150,0.017126,20,,,,,
32,150,0.017962,10,,,,,
32,150,0.018797,10,,,,,
32,150,0.019632,4,,,,,
32,150,0.020468,2,,,,,
32,150,0.021303,3,,,,,
32,150,0.022139,1,,,,,
32,150,0.022974,2,,,,,
32,150,0.02381,0,,,,,
2,200,0.007937,101,,,,,
2,200,0.008772,101,3.0,,0.029479,,
2,200,0.009607,101,,,,,
2,200,0.010443,105,2.625659,2.681323,0.075744,0.086152,1.9688780000000001
2,200,0.011278,110,2.358105,2.477783,0.051822,0.04061,1.4283200000000003
2,200,0.012114,111,2.158447,2.231689,0.091229,0.112238,1.0936029999999997
2,200,0.012949,137,1.977089,1.955794,0.05411,0.051517,0.6269220000000001
2,200,0.013784,323,1.354891,2.979212,0.104306,0.06608,1.2947069999999998
2,200,0.01462,97,1.397366,1.501553,0.226078,0.162704,0.9898629999999999
2,200,0.015455,37,2.701538,,0.028285,,
2,200,0.016291,13,,,,,
2,200,0.017126,15,,,,,
2,200,0.017962,9,,,,,
2,200,0.018797,1,,,,,
2,200,0.019632,3,,,,,
2,200,0.020468,3,,,,,
2,200,0.021303,0,,,,,
2,200,0.022139,2,,,,,
2,200,0.022974,0,,,,,
2,200,0.02381,0,,,,,
4,200,0.007937,100,,,,,
4,200,0.008772,101,,,,,
4,200,0.009607,100,3.0,2.800415,0.024104,0.312079,2.636598
4,200,0.010443,103,2.662646,2.713696,0.040093,0.049342,1.965777
4,200,0.011278,113,2.322803,2.475293,0.040258,0.067496,1.40585
4,200,0.012114,129,2.047619,2.596729,0.050404,0.066498,1.2612499999999998
4,200,0.012949,164,1.641693,1.749035,0.040957,0.082342,0.5159570000000002
4,200,0.013784,307,1.259489,1.342955,0.160716,0.132441,1.1907130000000001
4,200,0.01462,59,2.505396,2.546265,0.051684,0.060274,1.6636190000000002
4,200,0.015455,45,2.932324,,0.018964,,
4,200,0.016291,14,,,,,
4,200,0.017126,21,,,,,
4,200,0.017962,8,,,,,
4,200,0.018797,6,,,,,
4,200,0.019632,5,,,,,
4,200,0.020468,4,,,,,
4,200,0.021303,0,,,,,
4,200,0.022139,0,,,,,
4,200,0.022974,0,,,,,
4,200,0.02381,0,,,,,
8,200,0.007937,100,,,,,
8,200,0.008772,101,3.0,3.0,0.020026,0.034401,2.554427
8,200,0.009607,100,2.862964,,0.041932,,
8,200,0.010443,104,2.631299,2.671069,0.060522,0.067974,1.930864
8,200,0.011278,110,2.746362,2.24751,0.055741,0.111426,1.6610390000000002
8,200,0.012114,114,2.014504,2.143799,0.050937,0.048112,0.7573520000000001
8,200,0.012949,152,1.623396,2.046838,0.049321,0.076213,0.29576800000000025
8,200,0.013784,135,1.336811,1.434291,0.166749,0.130695,1.026342
8,200,0.01462,41,3.0,,0.027029,,
8,200,0.015455,22,,,,,
8,200,0.016291,17,,,,,
8,200,0.017126,8,,,,,
8,200,0.017962,7,,,,,
8,200,0.018797,3,,,,,
8,200,0.019632,2,,,,,
8,200,0.020468,2,,,,,
8,200,0.021303,1,,,,,
8,200,0.022139,0,,,,,
8,200,0.022974,0,,,,,
8,200,0.02381,0,,,,,
16,200,0.007937,100,,,,,
16,200,0.008772,102,,,,,
16,200,0.009607,103,2.967554,3.0,0.021569,0.026082,2.515205
16,200,0.010443,102,2.410181,2.493091,0.058613,0.077283,1.5391680000000003
16,200,0.011278,106,2.334082,2.439331,0.016815,0.033896,1.324124
16,200,0.012114,110,1.93155,2.026889,0.054508,0.053486,0.5664330000000003
16,200,0.012949,156,1.497582,1.620103,0.051603,0.082429,0.516347
16,200,0.013784,69,1.700752,1.838057,0.099405,0.040587,0.502687
16,200,0.01462,34,2.696484,2.989966,0.039394,0.01549,2.2413339999999997
16,200,0.015455,22,2.785767,2.785767,0.026831,0.026831,2.125196
16,200,0.016291,12,,,,,
16,200,0.017126,6,,,,,
16,200,0.017962,4,,,,,
16,200,0.018797,1,,,,,
16,200,0.019632,1,,,,,
16,200,0.020468,2,,,,,
16,200,0.021303,0,,,,,
16,200,0.022139,1,,,,,
16,200,0.022974,0,,,,,
16,200,0.02381,0,,,,,
32,200,0.007937,100,3.0,,0.041773,,
32,200,0.008772,100,3.0,,0.048093,,
32,200,0.009607,101,2.572192,2.639209,0.037701,0.050792,1.7998939999999999
32,200,0.010443,101,2.234985,2.338037,0.037153,0.064252,1.1744269999999999
32,200,0.011278,108,2.743726,2.181958,0.04299,0.082369,1.551043
32,200,0.012114,111,1.776108,1.894404,0.069591,0.091887,0.543182
32,200,0.012949,136,1.387851,1.507229,0.082892,0.059429,0.747241
32,200,0.013784,43,2.232349,2.254248,0.098593,0.10459,1.18978
32,200,0.01462,37,,3.0,,0.01005,
32,200,0.015455,19,,,,,
32,200,0.016291,1,,,,,
32,200,0.017126,4,,,,,
32,200,0.017962,2,,,,,
32,200,0.018797,2,,,,,
32,200,0.019632,1,,,,,
32,200,0.020468,0,,,,,
32,200,0.021303,0,,,,,
32,200,0.022139,0,,,,,
32,200,0.022974,0,,,,,
32,200,0.02381,0,,,,,
2,250,0.007937,100,,,,,
2,250,0.008772,101,3.0,3.0,0.019578,0.023392,2.54297
2,250,0.009607,105,2.652905,2.691724,0.052333,0.059468,1.95643
2,250,0.010443,106,2.296655,2.433618,0.036874,0.070327,1.337474
2,250,0.011278,112,1.881153,2.567285,0.064234,0.095908,1.10858
2,250,0.012114,144,1.618535,1.737384,0.099538,0.10812,0.588809
2,250,0.012949,222,2.720918,2.989299,0.111728,0.097842,2.419787
2,250,0.013784,334,1.968776,2.060318,0.146411,0.141966,0.8174710000000003
2,250,0.01462,24,1.760285,1.930709,0.194182,0.138978,0.662736
2,250,0.015455,11,,,,,
2,250,0.016291,6,,,,,
2,250,0.017126,2,,,,,
2,250,0.017962,2,,,,,
2,250,0.018797,1,,,,,
2,250,0.019632,0,,,,,
2,250,0.020468,0,,,,,
2,250,0.021303,0,,,,,
2,250,0.022139,0,,,,,
2,250,0.022974,0,,,,,
2,250,0.02381,0,,,,,
4,250,0.007937,100,3.0,3.0,0.023293,0.023293,2.5465859999999996
4,250,0.008772,101,2.639209,,0.070594,,
4,250,0.009607,101,2.933716,,0.040369,,
4,250,0.010443,107,2.774634,2.315991,0.049025,0.094762,1.7344119999999998
4,250,0.011278,112,2.504879,2.716406,0.046116,0.03257,1.799971
4,250,0.012114,159,2.266533,2.60935,0.066134,0.053644,1.495661
4,250,0.012949,266,2.466397,2.909007,0.116447,0.120896,2.112747
4,250,0.013784,48,1.551426,1.68515,0.218757,0.183519,0.768552
4,250,0.01462,12,,,,,
4,250,0.015455,16,,,,,
4,250,0.016291,6,,,,,
4,250,0.017126,7,,,,,
4,250,0.017962,3,,,,,
4,250,0.018797,2,,,,,
4,250,0.019632,0,,,,,
4,250,0.020468,1,,,,,
4,250,0.021303,0,,,,,
4,250,0.022139,0,,,,,
4,250,0.022974,0,,,,,
4,250,0.02381,0,,,,,
8,250,0.007937,101,2.881421,3.0,0.162841,0.029479,2.5737409999999996
8,250,0.008772,100,2.535205,2.565454,0.092897,0.099113,1.7926689999999998
8,250,0.009607,103,2.56604,2.648804,0.031076,0.047218,1.7931380000000003
8,250,0.010443,108,2.279004,2.353857,0.044469,0.0636,1.2409300000000003
8,250,0.011278,114,1.817232,2.782617,0.077282,0.066805,1.2439360000000002
8,250,0.012114,134,1.47814,2.918998,0.080149,0.110662,1.1316690000000003
8,250,0.012949,167,2.360067,1.289114,0.179818,0.159462,1.9102329999999998
8,250,0.013784,31,2.415088,,0.081264,,
8,250,0.01462,16,,,,,
8,250,0.015455,9,,,,,
8,250,0.016291,11,,,,,
8,250,0.017126,5,,,,,
8,250,0.017962,0,,,,,
8,250,0.018797,0,,,,,
8,250,0.019632,0,,,,,
8,250,0.020468,0,,,,,
8,250,0.021303,0,,,,,
8,250,0.022139,0,,,,,
8,250,0.022974,0,,,,,
8,250,0.02381,0,,,,,
16,250,0.007937,100,3.0,3.0,0.034104,0.034104,2.5682080000000003
16,250,0.008772,101,2.596216,2.639209,0.052388,0.060693,1.8485060000000004
16,250,0.009607,103,2.447827,2.490308,0.073742,0.083152,1.5950290000000003
16,250,0.010443,107,2.443066,2.801147,0.046494,0.036525,1.8272319999999997
16,250,0.011278,115,2.146368,2.792432,0.068809,0.100488,1.6080969999999994
16,250,0.012114,129,1.425574,1.537028,0.091352,0.0748,0.70355
16,250,0.012949,66,1.565239,1.724265,0.136893,0.094544,0.5724110000000001
16,250,0.013784,30,2.640234,,0.040425,,
16,250,0.01462,18,,,,,
16,250,0.015455,4,,,,,
16,250,0.016291,2,,,,,
16,250,0.017126,1,,,,,
16,250,0.017962,3,,,,,
16,250,0.018797,0,,,,,
16,250,0.019632,0,,,,,
16,250,0.020468,0,,,,,
16,250,0.021303,0,,,,,
16,250,0.022139,0,,,,,
16,250,0.022974,0,,,,,
16,250,0.02381,0,,,,,
32,250,0.007937,103,2.742847,2.782983,0.054435,0.061232,2.1414969999999998
32,250,0.008772,102,2.7698,2.845825,0.032185,0.044552,2.192362
32,250,0.009607,100,2.350269,2.436768,0.060861,0.081424,1.4293219999999998
32,250,0.010443,103,1.902461,2.733472,0.096723,0.123521,1.356177
32,250,0.011278,106,1.762392,2.119674,0.086009,0.094649,0.5627239999999998
32,250,0.012114,118,1.337598,1.447364,0.121339,0.086591,0.9229679999999998
32,250,0.012949,36,2.361914,2.481372,0.019283,0.046953,1.409522
32,250,0.013784,17,,,,,
32,250,0.01462,10,,,,,
32,250,0.015455,8,,,,,
32,250,0.016291,1,,,,,
32,250,0.017126,2,,,,,
32,250,0.017962,0,,,,,
32,250,0.018797,0,,,,,
32,250,0.019632,0,,,,,
32,250,0.020468,0,,,,,
32,250,0.021303,0,,,,,
32,250,0.022139,0,,,,,
32,250,0.022974,0,,,,,
32,250,0.02381,0,,,,,
