p,vision_distance,alpha_size,alpha_duration,ks_duration,ks_size,D
0.007937,5,,,,,
0.008772,5,,,,,
0.009607,5,,,,,
0.010443,5,,,,,
0.011278,5,,,,,
0.012114,5,,,,,
0.012949,5,,,,,
0.013784,5,,,,,
0.01462,5,,,,,
0.015455,5,,,,,
0.016291,5,,,,,
0.017126,5,,,,,
0.017962,5,2.736401,2.915991,0.02713,0.026697,2.206219
0.018797,5,2.8073,2.66001,0.078813,0.081346,2.127469
0.019632,5,2.864136,2.89812,0.071385,0.078794,2.4124349999999994
0.020468,5,2.926831,2.618408,0.118677,0.076354,2.2402699999999998
0.021303,5,2.9354,2.748193,0.104715,0.082413,2.370721
0.022139,5,2.798218,2.83916,0.083416,0.085227,2.3060210000000003
0.022974,5,2.948291,2.937158,0.077982,0.070974,2.5344050000000005
0.02381,5,2.937861,2.739624,0.10001,0.098093,2.375588
0.024645,5,2.556715,2.638598,0.092228,0.074767,1.862308
0.02548,5,2.887274,2.997108,0.08017,0.086522,2.551074
0.026316,5,2.825009,2.638319,0.097151,0.10049,2.1609690000000006
0.027151,5,2.640035,2.53875,0.126497,0.119125,1.924407
0.027987,5,2.935157,2.949967,0.084426,0.075561,2.545111
0.007937,10,,,,,
0.008772,10,,,,,
0.009607,10,,,,,
0.010443,10,,,,,
0.011278,10,,,,,
0.012114,10,,,,,
0.012949,10,,,,,
0.013784,10,,,,,
0.01462,10,,,,,
0.015455,10,,,,,
0.016291,10,,,,,
0.017126,10,3.0,3.0,0.103052,0.073062,2.676114
0.017962,10,2.499829,2.685498,0.017519,0.019422,1.7222680000000001
0.018797,10,2.809497,2.910938,0.055102,0.03766,2.3131969999999997
0.019632,10,2.918481,2.692603,0.07418,0.01845,2.203714
0.020468,10,2.958691,2.937817,0.083341,0.076067,2.555916
0.021303,10,2.87981,2.790894,0.083701,0.066351,2.3207560000000003
0.022139,10,2.894751,2.895996,0.081644,0.076299,2.4486899999999996
0.022974,10,2.988579,2.980957,0.069401,0.039834,2.578771
0.02381,10,2.809009,2.749838,0.087263,0.063191,2.209301
0.024645,10,2.900673,2.900209,0.04881,0.014961,2.3646529999999997
0.02548,10,2.864793,2.948939,0.048442,0.030799,2.3929730000000005
0.026316,10,2.801918,2.963672,0.042877,0.01712,2.3255869999999996
0.027151,10,2.988913,2.806936,0.077635,0.05531,2.428794
0.027987,10,2.678549,2.981937,0.03878,0.028601,2.227867
0.007937,15,,,,,
0.008772,15,,,,,
0.009607,15,,,,,
0.010443,15,,,,,
0.011278,15,,,,,
0.012114,15,,,,,
0.012949,15,,,,,
0.013784,15,,,,,
0.01462,15,,,,,
0.015455,15,,,,,
0.016291,15,3.0,3.0,0.073183,0.073183,2.6463660000000004
0.017126,15,3.0,3.0,0.066582,0.090542,2.657124
0.017962,15,2.180859,2.391724,0.02129,0.017427,1.1113
0.018797,15,2.683521,2.684326,0.060411,0.059106,1.987364
0.019632,15,2.653311,2.861792,0.048233,0.008352,2.071688
0.020468,15,2.636506,2.965137,0.021911,0.014981,2.1385349999999996
0.021303,15,2.313822,2.939209,0.042468,0.044654,1.840153
0.022139,15,2.525628,2.936338,0.020331,0.019617,2.001914
0.022974,15,2.345831,2.764077,0.032791,0.025521,1.6682199999999998
0.02381,15,2.890061,2.905188,0.031414,0.021364,2.348027
0.024645,15,2.411047,2.740751,0.013338,0.012314,1.6774499999999999
0.02548,15,2.289953,2.639675,0.014769,0.01641,1.4608070000000002
0.026316,15,2.688304,2.993622,0.02203,0.018142,2.222098
0.027151,15,2.554181,2.994884,0.017957,0.013405,2.080427
0.027987,15,2.254338,2.95465,0.036527,0.024023,1.769538
0.007937,20,,,,,
0.008772,20,,,,,
0.009607,20,,,,,
0.010443,20,,,,,
0.011278,20,,,,,
0.012114,20,,,,,
0.012949,20,,,,,
0.013784,20,,,,,
0.01462,20,,,,,
0.015455,20,,,,,
0.016291,20,,,,,
0.017126,20,2.7323,2.885596,0.059247,0.102611,2.279754
0.017962,20,1.875213,2.05235,0.046415,0.036139,0.5101170000000002
0.018797,20,2.7275,2.962939,0.0544,0.042627,2.2874659999999998
0.019632,20,2.504236,2.772459,0.027807,0.024117,1.828619
0.020468,20,2.396271,2.762351,0.008523,0.00994,1.677085
0.021303,20,2.497996,2.823998,0.023065,0.02272,1.867779
0.022139,20,2.427501,2.771518,0.008657,0.014772,1.7224479999999998
0.022974,20,2.411983,2.727423,0.023424,0.021042,1.683872
0.02381,20,2.325611,2.580254,0.011436,0.013128,1.430429
0.024645,20,2.199028,2.52842,0.013062,0.007207,1.2477170000000002
0.02548,20,2.083402,2.366558,0.020346,0.016465,0.9867709999999998
0.026316,20,2.319094,2.424549,0.022273,0.01784,1.2837560000000001
0.027151,20,2.233471,2.596527,0.020113,0.01839,1.3685010000000002
0.027987,20,1.998245,2.297728,0.029487,0.015134,0.8405940000000003
0.007937,25,,,,,
0.008772,25,,,,,
0.009607,25,,,,,
0.010443,25,,,,,
0.011278,25,,,,,
0.012114,25,,,,,
0.012949,25,,,,,
0.013784,25,,,,,
0.01462,25,,,,,
0.015455,25,3.0,3.0,0.101362,0.110088,2.71145
0.016291,25,3.0,3.0,0.09436,0.052682,2.647042
0.017126,25,2.723804,2.874609,0.003679,0.013358,2.11545
0.017962,25,2.340841,2.751303,0.028393,0.030247,1.6507840000000003
0.018797,25,2.331965,2.673605,0.010846,0.010896,1.5273119999999996
0.019632,25,2.320469,2.559815,0.014442,0.024312,1.4190380000000002
0.020468,25,2.170379,2.547407,0.012697,0.016641,1.2471240000000001
0.021303,25,2.049499,2.333741,0.012569,0.012086,0.9078949999999999
0.022139,25,2.137447,2.40775,0.011616,0.0129,1.069713
0.022974,25,2.154929,2.304448,0.01587,0.017467,0.992714
0.02381,25,1.933745,2.21864,0.020859,0.019496,0.6927400000000001
0.024645,25,1.951114,2.189016,0.019272,0.023211,0.682613
0.02548,25,2.268773,2.495295,0.025541,0.031988,1.321597
0.026316,25,1.896723,2.093538,0.025137,0.025675,0.541073
0.027151,25,2.010979,2.283669,0.016031,0.017776,0.828455
0.027987,25,2.145096,2.385852,0.028655,0.031979,1.091582
0.007937,30,,,,,
0.008772,30,,,,,
0.009607,30,,,,,
0.010443,30,,,,,
0.011278,30,,,,,
0.012114,30,,,,,
0.012949,30,,,,,
0.013784,30,,,,,
0.01462,30,3.0,,,0.114434,
0.015455,30,,,,,
0.016291,30,3.0,3.0,0.074525,0.03814,2.612665
0.017126,30,2.392822,2.579004,0.014933,0.013713,1.5004719999999998
0.017962,30,2.262157,2.373161,0.042907,0.041241,1.2194660000000004
0.018797,30,2.284475,2.278124,0.028417,0.028258,1.1192739999999999
0.019632,30,1.989135,2.225477,0.01411,0.016031,0.7447530000000002
0.020468,30,2.138908,2.450538,0.020151,0.014941,1.1245379999999998
0.021303,30,1.97753,2.252845,0.010747,0.008964,0.7500860000000001
0.022139,30,2.079254,2.352378,0.020328,0.02123,0.97319
0.022974,30,2.137742,2.425989,0.029103,0.023922,1.1167559999999999
0.02381,30,1.868304,2.102786,0.014363,0.0151,0.500553
0.024645,30,1.84714,2.086831,0.016375,0.018551,0.4688970000000001
0.02548,30,1.805167,2.083538,0.025077,0.019354,0.43313599999999985
0.026316,30,1.835319,2.053564,0.025203,0.022965,0.4370510000000001
0.027151,30,1.995004,2.432259,0.032916,0.026866,0.9870450000000002
0.027987,30,1.918862,2.157278,0.037278,0.029955,0.6433729999999999
0.007937,35,,,,,
0.008772,35,,,,,
0.009607,35,,,,,
0.010443,35,,,,,
0.011278,35,,,,,
0.012114,35,,,,,
0.012949,35,,,,,
0.013784,35,,,,,
0.01462,35,,,,,
0.015455,35,,,,,
0.016291,35,3.0,3.0,0.065776,0.048029,2.613805
0.017126,35,2.150391,2.851904,0.030502,0.0211,1.553897
0.017962,35,1.894055,2.164731,0.027184,0.028881,0.6148510000000003
0.018797,35,1.862939,2.103211,0.014095,0.01418,0.4944249999999999
0.019632,35,1.698353,2.02163,0.029616,0.032614,0.282213
0.020468,35,1.765904,2.013819,0.020793,0.020326,0.32084199999999974
0.021303,35,1.802121,2.070468,0.023366,0.018842,0.4147970000000001
0.022139,35,1.875887,2.109814,0.01748,0.018815,0.5219960000000002
0.022974,35,1.724744,1.98968,0.040242,0.038721,0.31402700000000017
0.02381,35,1.787955,1.990489,0.019351,0.015605,0.332422
0.024645,35,1.81585,2.054044,0.043731,0.0416,0.45522500000000016
0.02548,35,1.874955,2.239376,0.034807,0.035696,0.6848339999999999
0.026316,35,1.921914,2.165257,0.030445,0.030846,0.6484619999999999
0.027151,35,1.966921,2.229136,0.03205,0.030981,0.759088
0.027987,35,1.979264,2.199289,0.021681,0.027169,0.7274029999999997
0.007937,40,,,,,
0.008772,40,,,,,
0.009607,40,,,,,
0.010443,40,,,,,
0.011278,40,,,,,
0.012114,40,,,,,
0.012949,40,,,,,
0.013784,40,3.0,3.0,0.087408,0.087408,2.674816
0.01462,40,3.0,3.0,0.074416,0.074416,2.6488319999999996
0.015455,40,3.0,3.0,0.069592,0.069592,2.639184
0.016291,40,2.909839,3.0,0.010216,0.00827,2.4283249999999996
0.017126,40,2.004224,2.18606,0.022582,0.011149,0.7240149999999996
0.017962,40,2.323866,2.435733,0.035398,0.043546,1.3385430000000003
0.018797,40,1.851486,2.139908,0.022427,0.024575,0.5383960000000001
0.019632,40,1.894459,2.01788,0.019966,0.01389,0.4461949999999998
0.020468,40,1.862587,2.117992,0.018964,0.012565,0.5121080000000001
0.021303,40,2.09845,2.345362,0.018089,0.015171,0.9770720000000004
0.022139,40,1.965085,2.210075,0.013247,0.01481,0.7032169999999998
0.022974,40,1.920228,2.092074,0.027938,0.019614,0.5598540000000003
0.02381,40,1.978271,2.153583,0.026418,0.026644,0.6849159999999997
0.024645,40,1.758323,2.08361,0.080144,0.065245,0.48732200000000025
0.02548,40,1.964803,1.983622,0.063192,0.06549,0.6098630000000002
0.026316,40,1.860798,2.017486,0.047373,0.0387,0.46435699999999985
0.027151,40,2.036325,2.536847,0.049679,0.052346,1.175197
0.027987,40,2.366979,2.655492,0.056045,0.051628,1.6301440000000003
0.007937,45,,,,,
0.008772,45,,,,,
0.009607,45,,,,,
0.010443,45,,,,,
0.011278,45,,,,,
0.012114,45,,,,,
0.012949,45,,,,,
0.013784,45,3.0,3.0,0.10706,0.10706,2.7141200000000003
0.01462,45,3.0,,,0.06307,
0.015455,45,,,,,
0.016291,45,2.767969,2.93042,0.015618,0.02464,2.238647
0.017126,45,2.352242,1.774485,0.056157,0.049658,1.1835719999999998
0.017962,45,1.875722,2.149003,0.034766,0.047137,0.6066279999999998
0.018797,45,1.962066,2.367604,0.02017,0.04013,0.8899700000000001
0.019632,45,1.993128,2.22234,0.027404,0.030206,0.7730779999999999
0.020468,45,2.586677,2.961818,0.056989,0.059827,2.165311
0.021303,45,2.284987,2.261722,0.05533,0.044913,1.146952
0.022139,45,2.385644,2.556694,0.057347,0.068876,1.5685609999999999
0.022974,45,1.918199,2.163867,0.047188,0.0505,0.6797540000000002
0.02381,45,2.36753,2.251071,0.064103,0.07237,1.255074
0.024645,45,2.396782,2.617338,0.062178,0.067901,1.6441990000000002
0.02548,45,1.80781,1.977847,0.062404,0.055491,0.44785800000000003
0.026316,45,2.616882,2.494012,0.061776,0.054836,1.7275060000000002
0.027151,45,2.248328,2.426202,0.083875,0.085696,1.3441009999999998
0.027987,45,2.114759,2.395978,0.071037,0.099625,1.1813989999999999
0.007937,50,,,,,
0.008772,50,,,,,
0.009607,50,,,,,
0.010443,50,,,,,
0.011278,50,,,,,
0.012114,50,3.0,3.0,0.111303,0.111303,2.722606
0.012949,50,,,,,
0.013784,50,3.0,3.0,0.108991,0.108991,2.717982
0.01462,50,3.0,3.0,0.061188,0.058961,2.620149
0.015455,50,3.0,3.0,0.042844,0.03688,2.579724
0.016291,50,2.310864,2.455298,0.030408,0.018587,1.315157
0.017126,50,1.742049,1.961361,0.033528,0.034996,0.3492120000000001
0.017962,50,1.768959,1.957896,0.038028,0.027289,0.3763799999999999
0.018797,50,1.890428,2.272846,0.036369,0.020532,0.7201749999999999
0.019632,50,2.262891,2.501147,0.021782,0.01529,1.3011100000000002
0.020468,50,2.492651,2.352466,0.042865,0.04414,1.4321220000000001
0.021303,50,1.963658,2.166284,0.049701,0.08922,0.768863
0.022139,50,2.865747,3.0,0.014889,0.010181,2.390817
0.022974,50,2.549341,2.883179,0.144682,0.110094,2.1872960000000004
0.02381,50,1.90693,2.095422,0.032665,0.051325,0.5863420000000001
0.024645,50,,,,,
0.02548,50,2.817595,1.756131,0.183681,0.126353,1.8714979999999997
0.026316,50,2.852952,2.609798,0.13129,0.11414,2.20818
0.027151,50,2.063555,2.131063,0.080204,0.051761,0.8265830000000001
0.027987,50,2.23428,1.556577,0.122506,0.132923,1.433132
0.007937,55,,,,,
0.008772,55,,,,,
0.009607,55,,,,,
0.010443,55,,,,,
0.011278,55,,,,,
0.012114,55,,,,,
0.012949,55,,,,,
0.013784,55,,,,,
0.01462,55,3.0,3.0,0.028788,0.019779,2.5485670000000002
0.015455,55,2.859521,2.997363,0.026667,0.020457,2.404008
0.016291,55,2.163647,2.329468,0.022516,0.009966,1.0255969999999999
0.017126,55,1.640791,1.797512,0.032763,0.023884,0.3999260000000001
0.017962,55,1.919715,2.136694,0.02901,0.023374,0.6087929999999999
0.018797,55,2.182104,2.752515,0.028354,0.019368,1.4823409999999997
0.019632,55,2.368652,2.613794,0.039282,0.033019,1.5547469999999999
0.020468,55,2.721533,3.0,0.020962,0.012469,2.2549639999999997
0.021303,55,2.744385,3.0,0.014721,0.015777,2.274883
0.022139,55,,,,,
0.022974,55,3.0,,,0.070532,
0.02381,55,2.919653,,,0.048508,
0.024645,55,2.675317,,,0.305983,
0.02548,55,2.593375,1.746396,0.167209,0.146911,1.6610989999999999
0.026316,55,,,,,
0.027151,55,,,,,
0.027987,55,,,,,
0.007937,60,,,,,
0.008772,60,,,,,
0.009607,60,,,,,
0.010443,60,,,,,
0.011278,60,,,,,
0.012114,60,,,,,
0.012949,60,3.0,,,0.058045,
0.013784,60,3.0,3.0,0.052885,0.052885,2.6057699999999997
0.01462,60,3.0,3.0,0.038353,0.019355,2.557708
0.015455,60,2.691431,2.776831,0.05255,0.048457,2.0692690000000002
0.016291,60,2.067274,2.565308,0.034288,0.019979,1.1868489999999998
0.017126,60,1.71904,1.891357,0.025811,0.027247,0.380741
0.017962,60,2.040929,2.593286,0.039129,0.039077,1.2124210000000002
0.018797,60,2.416699,2.657959,0.011351,0.027255,1.613264
0.019632,60,2.66521,2.966602,0.019568,0.014008,2.165388
0.020468,60,2.915479,3.0,0.024446,0.011587,2.451512
0.021303,60,2.386583,3.0,0.068093,0.168694,2.12337
0.022139,60,3.0,,,0.093466,
0.022974,60,,,,,
0.02381,60,,,,,
0.024645,60,,,,,
0.02548,60,,,,,
0.026316,60,,,,,
0.027151,60,,,,,
0.027987,60,,,,,
0.007937,65,,,,,
0.008772,65,,,,,
0.009607,65,,,,,
0.010443,65,,,,,
0.011278,65,,,,,
0.012114,65,,,,,
0.012949,65,3.0,3.0,0.111489,0.111489,2.7229780000000003
0.013784,65,3.0,,,0.032854,
0.01462,65,2.999634,3.0,0.011925,0.012789,2.5243480000000003
0.015455,65,2.767383,2.862598,0.015649,0.01535,2.1609800000000003
0.016291,65,1.772414,1.927783,0.032216,0.016056,0.39290299999999995
0.017126,65,1.775654,1.950201,0.046597,0.036943,0.408993
0.017962,65,2.205762,2.846704,0.02957,0.018145,1.600181
0.018797,65,2.485693,2.752075,0.040797,0.026292,1.804857
0.019632,65,2.712671,2.92251,0.033471,0.014078,2.18273
0.020468,65,3.0,,,0.038298,
0.021303,65,3.0,,,0.064319,
0.022139,65,,,,,
0.022974,65,2.675317,,,0.305983,
0.02381,65,,,,,
0.024645,65,,,,,
0.02548,65,,,,,
0.026316,65,,,,,
0.027151,65,,,,,
0.027987,65,,,,,
0.007937,70,,,,,
0.008772,70,,,,,
0.009607,70,,,,,
0.010443,70,,,,,
0.011278,70,3.0,3.0,0.108635,0.108635,2.71727
0.012114,70,,,,,
0.012949,70,,,,,
0.013784,70,3.0,3.0,0.03243,0.02338,2.55581
0.01462,70,2.945068,3.0,0.018079,0.013846,2.4769930000000002
0.015455,70,2.654663,2.812354,0.032949,0.024858,2.024824
0.016291,70,1.691912,1.855708,0.032893,0.022289,0.3913860000000002
0.017126,70,1.893712,2.078115,0.041115,0.029943,0.5428850000000001
0.017962,70,2.31394,2.571826,0.032531,0.016607,1.4349040000000004
0.018797,70,2.683374,2.966235,0.031,0.013991,2.1946000000000003
0.019632,70,2.971362,,,0.013361,
0.020468,70,,,,,
0.021303,70,3.0,,,0.048029,
0.022139,70,,,,,
0.022974,70,,,,,
0.02381,70,,,,,
0.024645,70,,,,,
0.02548,70,,,,,
0.026316,70,,,,,
0.027151,70,,,,,
0.027987,70,,,,,
0.007937,75,,,,,
0.008772,75,,,,,
0.009607,75,,,,,
0.010443,75,,,,,
0.011278,75,,,,,
0.012114,75,3.0,3.0,0.066858,0.066858,2.6337159999999997
0.012949,75,3.0,3.0,0.06358,0.06358,2.62716
0.013784,75,3.0,3.0,0.046247,0.039551,2.585798
0.01462,75,2.787451,2.887646,0.028262,0.020485,2.2238439999999997
0.015455,75,2.372168,2.503784,0.029901,0.015792,1.4216449999999998
0.016291,75,1.48396,1.680218,0.020787,0.016995,0.37360400000000005
0.017126,75,2.102272,2.422485,0.024246,0.01944,1.068443
0.017962,75,2.437939,2.668433,0.027614,0.017944,1.65193
0.018797,75,2.699048,2.994507,0.031152,0.022302,2.247009
0.019632,75,3.0,,,0.016807,
0.020468,75,3.0,,,0.035533,
0.021303,75,3.0,,,0.04381,
0.022139,75,,,,,
0.022974,75,,,,,
0.02381,75,,,,,
0.024645,75,,,,,
0.02548,75,,,,,
0.026316,75,,,,,
0.027151,75,,,,,
0.027987,75,,,,,
0.007937,80,,,,,
0.008772,80,,,,,
0.009607,80,,,,,
0.010443,80,,,,,
0.011278,80,3.0,3.0,0.063615,0.063615,2.62723
0.012114,80,,,,,
0.012949,80,3.0,,,0.026368,
0.013784,80,3.0,3.0,0.015749,0.00918,2.524929
0.01462,80,2.688281,2.830225,0.029445,0.02127,2.0692209999999998
0.015455,80,2.197485,2.329907,0.025837,0.028111,1.08134
0.016291,80,1.474791,1.603875,0.028414,0.031173,0.4809210000000001
0.017126,80,2.062235,2.244287,0.058273,0.040785,0.9055799999999997
0.017962,80,2.371948,2.633423,0.044806,0.031066,1.5812430000000002
0.018797,80,2.729663,2.988354,0.031486,0.015624,2.265127
0.019632,80,3.0,,,0.018486,
0.020468,80,3.0,,,0.032957,
0.021303,80,,,,,
0.022139,80,,,,,
0.022974,80,,,,,
0.02381,80,,,,,
0.024645,80,,,,,
0.02548,80,,,,,
0.026316,80,,,,,
0.027151,80,,,,,
0.027987,80,,,,,
0.007937,85,,,,,
0.008772,85,,,,,
0.009607,85,,,,,
0.010443,85,3.0,,,0.108093,
0.011278,85,,,,,
0.012114,85,3.0,3.0,0.104986,0.04381,2.648796
0.012949,85,3.0,3.0,0.027575,0.023008,2.550583
0.013784,85,3.0,3.0,0.024104,0.006326,2.53043
0.01462,85,2.531909,2.63584,0.038077,0.028724,1.73455
0.015455,85,1.961272,2.326984,0.025442,0.01104,0.8247379999999999
0.016291,85,1.753826,1.923711,0.038464,0.029413,0.3979920000000002
0.017126,85,2.164966,2.369312,0.037299,0.025726,1.097303
0.017962,85,2.539307,2.807446,0.034561,0.020125,1.901439
0.018797,85,2.605005,3.0,0.035396,0.046053,2.186454
0.019632,85,3.0,,,0.021551,
0.020468,85,,,,,
0.021303,85,,,,,
0.022139,85,,,,,
0.022974,85,,,,,
0.02381,85,,,,,
0.024645,85,,,,,
0.02548,85,,,,,
0.026316,85,,,,,
0.027151,85,,,,,
0.027987,85,,,,,
0.007937,90,,,,,
0.008772,90,,,,,
0.009607,90,,,,,
0.010443,90,,,,,
0.011278,90,3.0,3.0,0.043093,0.038285,2.581378
0.012114,90,3.0,,,0.030611,
0.012949,90,2.635107,3.0,0.02619,0.299594,2.460891
0.013784,90,2.971289,3.0,0.019141,0.017146,2.507576
0.01462,90,2.393188,2.50459,0.038944,0.023994,1.460716
0.015455,90,1.984212,2.275903,0.021962,0.016766,0.7988430000000001
0.016291,90,1.972242,2.153979,0.056539,0.030285,0.7130450000000002
0.017126,90,2.516089,2.38667,0.06815,0.057526,1.528435
0.017962,90,2.351514,2.598779,0.058581,0.037136,1.5460099999999999
0.018797,90,2.63562,,,0.041849,
0.019632,90,,,,,
0.020468,90,,,,,
0.021303,90,,,,,
0.022139,90,,,,,
0.022974,90,,,,,
0.02381,90,,,,,
0.024645,90,,,,,
0.02548,90,,,,,
0.026316,90,,,,,
0.027151,90,,,,,
0.027987,90,,,,,
0.007937,95,,,,,
0.008772,95,,,,,
0.009607,95,,,,,
0.010443,95,,,,,
0.011278,95,,,,,
0.012114,95,3.0,3.0,0.049609,0.049609,2.5992179999999996
0.012949,95,3.0,3.0,0.026546,0.017156,2.543702
0.013784,95,3.0,3.0,0.033669,0.036255,2.5699240000000003
0.01462,95,2.32771,2.425854,0.021576,0.014083,1.2892230000000005
0.015455,95,1.819328,1.884614,0.030966,0.027223,0.49290300000000004
0.016291,95,2.035912,2.214697,0.039192,0.033273,0.8230740000000003
0.017126,95,2.563257,2.400659,0.065784,0.052717,1.5824170000000002
0.017962,95,2.690845,2.949023,0.04698,0.037087,2.223935
0.018797,95,3.0,,,0.032682,
0.019632,95,,,,,
0.020468,95,,,,,
0.021303,95,,,,,
0.022139,95,,,,,
0.022974,95,,,,,
0.02381,95,,,,,
0.024645,95,,,,,
0.02548,95,,,,,
0.026316,95,,,,,
0.027151,95,,,,,
0.027987,95,,,,,
0.007937,100,,,,,
0.008772,100,,,,,
0.009607,100,3.0,,,0.108093,
0.010443,100,3.0,,,0.081459,
0.011278,100,3.0,3.0,0.039139,0.039139,2.578278
0.012114,100,3.0,3.0,0.026167,0.019556,2.545723
0.012949,100,3.0,3.0,0.026551,0.017562,2.544113
0.013784,100,2.72168,2.788403,0.038862,0.029505,2.07845
0.01462,100,2.416553,2.548975,0.023306,0.011722,1.500556
0.015455,100,1.655496,1.890901,0.025155,0.011397,0.3011470000000001
0.016291,100,2.041661,2.235937,0.051619,0.03777,0.8669869999999997
0.017126,100,2.41377,2.672827,0.040077,0.034552,1.6612259999999996
0.017962,100,2.900098,3.0,0.029476,0.023693,2.453267
0.018797,100,2.887939,,,0.033372,
0.019632,100,3.0,,,0.058266,
0.020468,100,,,,,
0.021303,100,,,,,
0.022139,100,,,,,
0.022974,100,,,,,
0.02381,100,,,,,
0.024645,100,,,,,
0.02548,100,,,,,
0.026316,100,,,,,
0.027151,100,,,,,
0.027987,100,,,,,
0.007937,105,,,,,
0.008772,105,,,,,
0.009607,105,,,,,
0.010443,105,3.0,3.0,0.068093,0.068093,2.6361860000000004
0.011278,105,3.0,,,0.061297,
0.012114,105,2.816382,2.930054,0.0363,0.018854,2.30159
0.012949,105,2.946753,2.993848,0.035506,0.028877,2.504984
0.013784,105,2.736768,2.800781,0.031541,0.024854,2.093944
0.01462,105,2.168481,2.3146,0.027762,0.010006,1.020849
0.015455,105,1.414742,1.529992,0.040031,0.049129,0.644426
0.016291,105,2.339037,2.796313,0.03245,0.024715,1.692515
0.017126,105,2.430396,2.61936,0.048958,0.044686,1.6434
0.017962,105,3.0,3.0,0.03357,0.015113,2.548683
0.018797,105,,,,,
0.019632,105,,,,,
0.020468,105,,,,,
0.021303,105,,,,,
0.022139,105,,,,,
0.022974,105,,,,,
0.02381,105,,,,,
0.024645,105,,,,,
0.02548,105,,,,,
0.026316,105,,,,,
0.027151,105,,,,,
0.027987,105,,,,,
0.007937,110,,,,,
0.008772,110,,,,,
0.009607,110,,,,,
0.010443,110,,,,,
0.011278,110,3.0,3.0,0.054442,0.03995,2.594392
0.012114,110,3.0,3.0,0.040131,0.035391,2.5755220000000003
0.012949,110,2.65752,2.719409,0.034726,0.023515,1.93517
0.013784,110,2.443359,2.534692,0.034745,0.02933,1.5421260000000003
0.01462,110,2.053458,2.171704,0.063856,0.038581,0.8275990000000001
0.015455,110,1.387969,1.501965,0.051034,0.062079,0.723179
0.016291,110,2.124463,2.311377,0.083666,0.061578,1.0810839999999997
0.017126,110,2.540552,,,0.069798,
0.017962,110,2.917017,,,0.024336,
0.018797,110,3.0,,,0.056982,
0.019632,110,,,,,
0.020468,110,,,,,
0.021303,110,,,,,
0.022139,110,,,,,
0.022974,110,,,,,
0.02381,110,,,,,
0.024645,110,,,,,
0.02548,110,,,,,
0.026316,110,,,,,
0.027151,110,,,,,
0.027987,110,,,,,
0.007937,115,3.0,3.0,0.095648,0.095648,2.6912960000000004
0.008772,115,,,,,
0.009607,115,,,,,
0.010443,115,3.0,,,0.044592,
0.011278,115,3.0,3.0,0.02619,0.023814,2.550004
0.012114,115,3.0,,,0.059602,
0.012949,115,2.674438,2.730615,0.05144,0.041393,1.9978859999999996
0.013784,115,2.377002,2.481006,0.051662,0.031571,1.441241
0.01462,115,1.963841,2.102051,0.063233,0.028221,0.6573459999999999
0.015455,115,1.618608,1.764456,0.035654,0.066801,0.45660700000000004
0.016291,115,2.238794,2.458887,0.031876,0.026208,1.2557649999999998
0.017126,115,2.931152,3.0,0.012995,0.010262,2.454409
0.017962,115,3.0,3.0,0.061297,0.041879,2.603176
0.018797,115,3.0,,,0.048029,
0.019632,115,,,,,
0.020468,115,,,,,
0.021303,115,,,,,
0.022139,115,,,,,
0.022974,115,,,,,
0.02381,115,,,,,
0.024645,115,,,,,
0.02548,115,,,,,
0.026316,115,,,,,
0.027151,115,,,,,
0.027987,115,,,,,
0.007937,120,,,,,
0.008772,120,,,,,
0.009607,120,,,,,
0.010443,120,3.0,,,0.049866,
0.011278,120,3.0,3.0,0.046733,0.046733,2.5934660000000003
0.012114,120,2.970996,3.0,0.034738,0.030709,2.536443
0.012949,120,2.615112,2.686743,0.049344,0.035918,1.8871169999999997
0.013784,120,2.210596,2.321338,0.038189,0.025724,1.0958469999999998
0.01462,120,1.896553,2.031118,0.038436,0.029121,0.4952280000000001
0.015455,120,1.852994,2.201176,0.039698,0.028246,0.6221139999999998
0.016291,120,2.370996,2.594678,0.035071,0.037781,1.538526
0.017126,120,2.656641,3.0,0.044297,0.024628,2.2255659999999997
0.017962,120,3.0,3.0,0.04587,0.012537,2.558407
0.018797,120,,,,,
0.019632,120,,,,,
0.020468,120,,,,,
0.021303,120,,,,,
0.022139,120,,,,,
0.022974,120,,,,,
0.02381,120,,,,,
0.024645,120,,,,,
0.02548,120,,,,,
0.026316,120,,,,,
0.027151,120,,,,,
0.027987,120,,,,,
0.007937,125,,,,,
0.008772,125,,,,,
0.009607,125,,,,,
0.010443,125,3.0,,,0.04494,
0.011278,125,3.0,3.0,0.031085,0.021651,2.552736
0.012114,125,2.926538,2.966748,0.034654,0.028874,2.456814
0.012949,125,2.544067,2.652759,0.042782,0.021403,1.7610110000000003
0.013784,125,2.919214,2.336353,0.056659,0.031457,1.8436830000000002
0.01462,125,1.74997,2.505871,0.035338,0.033734,0.824913
0.015455,125,1.843803,2.59563,0.076548,0.046661,1.0626419999999999
0.016291,125,2.408496,2.553516,0.090013,0.090477,1.642502
0.017126,125,3.0,,,0.021369,
0.017962,125,,,,,
0.018797,125,3.0,,,0.047209,
0.019632,125,,,,,
0.020468,125,,,,,
0.021303,125,,,,,
0.022139,125,,,,,
0.022974,125,,,,,
0.02381,125,,,,,
0.024645,125,,,,,
0.02548,125,,,,,
0.026316,125,,,,,
0.027151,125,,,,,
0.027987,125,,,,,
0.007937,130,,,,,
0.008772,130,,,,,
0.009607,130,,,,,
0.010443,130,3.0,,,0.038739,
0.011278,130,2.93877,2.950635,0.019019,0.017311,2.425735
0.012114,130,2.700952,2.759033,0.031433,0.021301,2.012719
0.012949,130,2.662793,2.422632,0.054448,0.027716,1.6675890000000004
0.013784,130,2.462402,2.861572,0.028345,0.025264,1.8775829999999998
0.01462,130,1.824593,1.963415,0.019873,0.017519,0.39857
0.015455,130,2.852417,2.154858,0.066179,0.035857,1.609311
0.016291,130,2.703223,2.898926,0.019813,0.01561,2.137572
0.017126,130,2.878271,,,0.013784,
0.017962,130,,,,,
0.018797,130,3.0,,,0.018638,
0.019632,130,,,,,
0.020468,130,,,,,
0.021303,130,,,,,
0.022139,130,,,,,
0.022974,130,,,,,
0.02381,130,,,,,
0.024645,130,,,,,
0.02548,130,,,,,
0.026316,130,,,,,
0.027151,130,,,,,
0.027987,130,,,,,
0.007937,135,,,,,
0.008772,135,,,,,
0.009607,135,,,,,
0.010443,135,3.0,,,0.01955,
0.011278,135,3.0,3.0,0.016027,0.010679,2.526706
0.012114,135,2.686597,2.763501,0.046969,0.033491,2.030558
0.012949,135,2.408423,2.522241,0.060524,0.039524,1.530712
0.013784,135,2.111499,2.658032,0.028817,0.027742,1.3260899999999998
0.01462,135,1.527573,1.655743,0.045034,0.027358,0.4442220000000001
0.015455,135,2.688208,2.236963,0.061175,0.041382,1.5277279999999998
0.016291,135,2.652466,2.819971,0.048202,0.053838,2.0744769999999995
0.017126,135,2.801294,3.0,0.017954,0.023046,2.342294
0.017962,135,,,,,
0.018797,135,,,,,
0.019632,135,,,,,
0.020468,135,,,,,
0.021303,135,,,,,
0.022139,135,,,,,
0.022974,135,,,,,
0.02381,135,,,,,
0.024645,135,,,,,
0.02548,135,,,,,
0.026316,135,,,,,
0.027151,135,,,,,
0.027987,135,,,,,
0.007937,140,,,,,
0.008772,140,,,,,
0.009607,140,3.0,3.0,0.063615,0.063615,2.62723
0.010443,140,3.0,3.0,0.024695,0.008713,2.533408
0.011278,140,3.0,3.0,0.025457,0.015795,2.5412519999999996
0.012114,140,2.645581,2.684692,0.060305,0.05307,1.943648
0.012949,140,2.337598,2.450977,0.027019,0.029922,1.3455159999999997
0.013784,140,2.035197,2.144751,0.047673,0.029118,0.7567389999999999
0.01462,140,1.455013,1.578761,0.036422,0.046354,0.549002
0.015455,140,2.307568,2.464526,0.057679,0.035077,1.3648500000000001
0.016291,140,2.618774,,,0.02982,
0.017126,140,3.0,,,0.014834,
0.017962,140,,,,,
0.018797,140,,,,,
0.019632,140,,,,,
0.020468,140,,,,,
0.021303,140,,,,,
0.022139,140,,,,,
0.022974,140,,,,,
0.02381,140,,,,,
0.024645,140,,,,,
0.02548,140,,,,,
0.026316,140,,,,,
0.027151,140,,,,,
0.027987,140,,,,,
0.007937,145,,,,,
0.008772,145,,,,,
0.009607,145,3.0,3.0,0.049104,0.039104,2.588208
0.010443,145,3.0,3.0,0.029451,0.024528,2.553979
0.011278,145,3.0,3.0,0.016485,0.016485,2.5329699999999997
0.012114,145,2.640234,2.705566,0.034588,0.022585,1.9029730000000002
0.012949,145,2.318188,2.421387,0.040646,0.019673,1.2998940000000003
0.013784,145,1.967289,2.082487,0.036701,0.011182,0.597659
0.01462,145,1.378903,1.493502,0.053111,0.068342,0.7490479999999999
0.015455,145,2.352466,2.552197,0.017048,0.031556,1.453267
0.016291,145,2.59519,2.818066,0.047558,0.027588,1.988402
0.017126,145,,,,,
0.017962,145,,,,,
0.018797,145,,,,,
0.019632,145,,,,,
0.020468,145,,,,,
0.021303,145,,,,,
0.022139,145,,,,,
0.022974,145,,,,,
0.02381,145,,,,,
0.024645,145,,,,,
0.02548,145,,,,,
0.026316,145,,,,,
0.027151,145,,,,,
0.027987,145,,,,,
0.007937,150,,,,,
0.008772,150,,,,,
0.009607,150,3.0,,,0.049541,
0.010443,150,,,,,
0.011278,150,2.682056,2.765625,0.05685,0.042187,2.0467180000000003
0.012114,150,2.480127,2.565308,0.036356,0.027488,1.609279
0.012949,150,2.164819,2.777563,0.057338,0.035684,1.5354039999999998
0.013784,150,1.901681,2.041705,0.047007,0.026136,0.5165289999999998
0.01462,150,1.376393,1.484224,0.096066,0.134553,0.870002
0.015455,150,2.212354,2.456909,0.069312,0.050159,1.288734
0.016291,150,2.780347,2.981689,0.043662,0.023147,2.3288449999999994
0.017126,150,3.0,,,0.026352,
0.017962,150,,,,,
0.018797,150,,,,,
0.019632,150,,,,,
0.020468,150,,,,,
0.021303,150,,,,,
0.022139,150,,,,,
0.022974,150,,,,,
0.02381,150,,,,,
0.024645,150,,,,,
0.02548,150,,,,,
0.026316,150,,,,,
0.027151,150,,,,,
0.027987,150,,,,,
0.007937,155,,,,,
0.008772,155,,,,,
0.009607,155,3.0,3.0,0.059182,0.059182,2.6183639999999997
0.010443,155,3.0,3.0,0.028508,0.01851,2.547018
0.011278,155,2.758813,2.860181,0.039407,0.027591,2.185992
0.012114,155,2.937964,2.445483,0.075871,0.031268,1.990586
0.012949,155,2.273291,2.367187,0.041007,0.027892,1.209377
0.013784,155,1.744728,1.871057,0.046778,0.032934,0.4533830000000001
0.01462,155,1.406348,1.523203,0.09093,0.113902,0.7752809999999999
0.015455,155,2.284863,2.477051,0.038068,0.038991,1.338973
0.016291,155,,,,,
0.017126,155,,,,,
0.017962,155,,,,,
0.018797,155,,,,,
0.019632,155,,,,,
0.020468,155,,,,,
0.021303,155,,,,,
0.022139,155,,,,,
0.022974,155,,,,,
0.02381,155,,,,,
0.024645,155,,,,,
0.02548,155,,,,,
0.026316,155,,,,,
0.027151,155,,,,,
0.027987,155,,,,,
0.007937,160,,,,,
0.008772,160,,,,,
0.009607,160,,,,,
0.010443,160,2.979419,3.0,0.040645,0.037797,2.557861
0.011278,160,2.645581,2.715967,0.035271,0.022431,1.9192500000000001
0.012114,160,2.285742,2.400146,0.069768,0.041242,1.2968979999999999
0.012949,160,2.037116,2.140283,0.070358,0.047059,0.7948160000000003
0.013784,160,1.688661,1.81062,0.037151,0.024151,0.43934300000000004
0.01462,160,1.717068,1.854056,0.071069,0.056965,0.4910460000000001
0.015455,160,2.726733,2.95708,0.023869,0.015639,2.223321
0.016291,160,2.774194,,,0.022348,
0.017126,160,,,,,
0.017962,160,,,,,
0.018797,160,,,,,
0.019632,160,,,,,
0.020468,160,,,,,
0.021303,160,,,,,
0.022139,160,,,,,
0.022974,160,,,,,
0.02381,160,,,,,
0.024645,160,,,,,
0.02548,160,,,,,
0.026316,160,,,,,
0.027151,160,,,,,
0.027987,160,,,,,
0.007937,165,,,,,
0.008772,165,3.0,,,0.054104,
0.009607,165,3.0,,,0.023392,
0.010443,165,3.0,3.0,0.023631,0.010651,2.534282
0.011278,165,2.564136,2.671582,0.047212,0.031146,1.8140759999999998
0.012114,165,2.354297,2.44248,0.049905,0.029037,1.3757190000000001
0.012949,165,2.017269,2.116113,0.061056,0.048518,0.7429560000000001
0.013784,165,1.567225,1.693354,0.059423,0.034679,0.4679730000000001
0.01462,165,1.942765,2.096045,0.036598,0.036976,0.6123840000000003
0.015455,165,2.61189,2.704834,0.076229,0.076017,1.9689699999999999
0.016291,165,2.798145,,,0.017509,
0.017126,165,,,,,
0.017962,165,,,,,
0.018797,165,,,,,
0.019632,165,,,,,
0.020468,165,,,,,
0.021303,165,,,,,
0.022139,165,,,,,
0.022974,165,,,,,
0.02381,165,,,,,
0.024645,165,,,,,
0.02548,165,,,,,
0.026316,165,,,,,
0.027151,165,,,,,
0.027987,165,,,,,
0.007937,170,,,,,
0.008772,170,,,,,
0.009607,170,3.0,3.0,0.029104,0.019104,2.548208
0.010443,170,2.987915,3.0,0.025144,0.023478,2.536537
0.011278,170,2.605151,2.713477,0.041797,0.026271,1.8866960000000004
0.012114,170,2.354956,2.42915,0.051108,0.033447,1.368661
0.012949,170,1.801363,1.911851,0.091766,0.057173,0.5384510000000001
0.013784,170,1.565177,1.699245,0.036569,0.03583,0.4383310000000002
0.01462,170,2.180786,2.913281,0.064658,0.038855,1.6975799999999999
0.015455,170,2.463062,2.604199,0.06855,0.056319,1.6921299999999997
0.016291,170,3.0,,,0.010198,
0.017126,170,,,,,
0.017962,170,,,,,
0.018797,170,,,,,
0.019632,170,,,,,
0.020468,170,,,,,
0.021303,170,,,,,
0.022139,170,,,,,
0.022974,170,,,,,
0.02381,170,,,,,
0.024645,170,,,,,
0.02548,170,,,,,
0.026316,170,,,,,
0.027151,170,,,,,
0.027987,170,,,,,
0.007937,175,,,,,
0.008772,175,,,,,
0.009607,175,,,,,
0.010443,175,2.762476,2.795142,0.046205,0.040752,2.1445749999999997
0.011278,175,2.349829,2.432739,0.076125,0.065591,1.4242840000000003
0.012114,175,2.481372,2.594385,0.036009,0.012508,1.6242739999999998
0.012949,175,1.831729,1.958182,0.081024,0.04001,0.4945809999999998
0.013784,175,1.445431,1.566346,0.041154,0.056833,0.5862100000000001
0.01462,175,2.111865,2.340088,0.030434,0.048019,1.0304060000000002
0.015455,175,2.456616,2.623901,0.062779,0.05052,1.6938159999999998
0.016291,175,2.915479,,,0.023265,
0.017126,175,,,,,
0.017962,175,,,,,
0.018797,175,,,,,
0.019632,175,,,,,
0.020468,175,,,,,
0.021303,175,,,,,
0.022139,175,,,,,
0.022974,175,,,,,
0.02381,175,,,,,
0.024645,175,,,,,
0.02548,175,,,,,
0.026316,175,,,,,
0.027151,175,,,,,
0.027987,175,,,,,
0.007937,180,,,,,
0.008772,180,3.0,3.0,0.049281,0.049281,2.5985620000000003
0.009607,180,,,,,
0.010443,180,2.977002,3.0,0.01851,0.015325,2.510837
0.011278,180,2.478589,2.527515,0.054173,0.043671,1.6039480000000002
0.012114,180,2.099268,2.177856,0.086248,0.064145,0.9275169999999997
0.012949,180,1.796964,2.463087,0.053812,0.040186,0.8540489999999998
0.013784,180,1.394207,1.508835,0.050747,0.063563,0.7112680000000001
0.01462,180,2.212866,2.379932,0.051435,0.025468,1.169701
0.015455,180,2.646753,2.77749,0.045492,0.043805,2.01354
0.016291,180,,,,,
0.017126,180,,,,,
0.017962,180,,,,,
0.018797,180,,,,,
0.019632,180,,,,,
0.020468,180,,,,,
0.021303,180,,,,,
0.022139,180,,,,,
0.022974,180,,,,,
0.02381,180,,,,,
0.024645,180,,,,,
0.02548,180,,,,,
0.026316,180,,,,,
0.027151,180,,,,,
0.027987,180,,,,,
0.007937,185,3.0,3.0,0.028789,0.028789,2.5575780000000004
0.008772,185,3.0,3.0,0.039714,0.026629,2.566343
0.009607,185,3.0,3.0,0.013685,0.006328,2.520013
0.010443,185,2.848462,2.896143,0.03544,0.032973,2.313018
0.011278,185,2.412744,2.473315,0.06357,0.049823,1.4994519999999998
0.012114,185,2.210889,2.306763,0.07918,0.053298,1.15013
0.012949,185,1.796191,2.766211,0.051543,0.041242,1.1551870000000002
0.013784,185,2.797089,1.408443,0.085423,0.09388,2.067949
0.01462,185,2.192139,2.3354,0.074802,0.065703,1.168044
0.015455,185,2.801367,,,0.01596,
0.016291,185,,,,,
0.017126,185,,,,,
0.017962,185,,,,,
0.018797,185,,,,,
0.019632,185,,,,,
0.020468,185,,,,,
0.021303,185,,,,,
0.022139,185,,,,,
0.022974,185,,,,,
0.02381,185,,,,,
0.024645,185,,,,,
0.02548,185,,,,,
0.026316,185,,,,,
0.027151,185,,,,,
0.027987,185,,,,,
0.007937,190,3.0,3.0,0.058093,0.058093,2.616186
0.008772,190,3.0,3.0,0.034104,0.024104,2.558208
0.009607,190,2.76438,2.880396,0.0401,0.021466,2.2063420000000002
0.010443,190,2.668872,2.745483,0.046412,0.032766,1.993533
0.011278,190,2.716772,2.514331,0.061006,0.029117,1.821226
0.012114,190,2.101392,2.638403,0.042818,0.028874,1.311487
0.012949,190,1.687166,2.02096,0.054586,0.043654,0.306366
0.013784,190,1.276538,1.364249,0.123562,0.147635,1.13041
0.01462,190,2.385278,2.557251,0.058257,0.036458,1.537244
0.015455,190,3.0,3.0,0.02796,0.015911,2.543871
0.016291,190,,,,,
0.017126,190,,,,,
0.017962,190,,,,,
0.018797,190,,,,,
0.019632,190,,,,,
0.020468,190,,,,,
0.021303,190,,,,,
0.022139,190,,,,,
0.022974,190,,,,,
0.02381,190,,,,,
0.024645,190,,,,,
0.02548,190,,,,,
0.026316,190,,,,,
0.027151,190,,,,,
0.027987,190,,,,,
0.007937,195,3.0,,,0.086951,
0.008772,195,,,,,
0.009607,195,2.983887,3.0,0.029927,0.027702,2.541516
0.010443,195,2.683521,2.749072,0.053173,0.041594,2.02736
0.011278,195,2.249414,2.347412,0.065293,0.039813,1.2019319999999998
0.012114,195,2.097729,2.612988,0.048123,0.029344,1.2881840000000002
0.012949,195,1.718726,2.062263,0.050863,0.035468,0.36732000000000015
0.013784,195,1.286219,1.375319,0.119419,0.148116,1.1059970000000001
0.01462,195,2.364771,2.569189,0.049124,0.03674,1.5198240000000003
0.015455,195,2.650928,2.848242,0.046926,0.046959,2.093055
0.016291,195,,,,,
0.017126,195,,,,,
0.017962,195,,,,,
0.018797,195,,,,,
0.019632,195,,,,,
0.020468,195,,,,,
0.021303,195,,,,,
0.022139,195,,,,,
0.022974,195,,,,,
0.02381,195,,,,,
0.024645,195,,,,,
0.02548,195,,,,,
0.026316,195,,,,,
0.027151,195,,,,,
0.027987,195,,,,,
0.007937,200,,,,,
0.008772,200,3.0,3.0,0.054203,0.039352,2.5935550000000003
0.009607,200,3.0,3.0,0.020202,0.013781,2.5339829999999997
0.010443,200,2.745044,2.809863,0.042537,0.031702,2.129146
0.011278,200,2.249561,2.332544,0.053469,0.031744,1.1673179999999999
0.012114,200,2.182333,2.981982,0.056976,0.07013,1.7914209999999997
0.012949,200,1.583703,1.82701,0.061555,0.028729,0.3469770000000001
0.013784,200,1.28974,1.380635,0.138603,0.161779,1.1300069999999998
0.01462,200,2.305591,2.412598,0.091436,0.065159,1.3747840000000002
0.015455,200,3.0,,,0.029631,
0.016291,200,,,,,
0.017126,200,,,,,
0.017962,200,,,,,
0.018797,200,,,,,
0.019632,200,,,,,
0.020468,200,,,,,
0.021303,200,,,,,
0.022139,200,,,,,
0.022974,200,,,,,
0.02381,200,,,,,
0.024645,200,,,,,
0.02548,200,,,,,
0.026316,200,,,,,
0.027151,200,,,,,
0.027987,200,,,,,
0.007937,205,,,,,
0.008772,205,2.981909,,,0.044041,
0.009607,205,2.884717,2.947485,0.03042,0.021149,2.383771
0.010443,205,2.518945,2.602588,0.042373,0.025346,1.689252
0.011278,205,2.216528,2.289404,0.069786,0.050006,1.125724
0.012114,205,1.990147,2.517847,0.038994,0.039096,1.0860840000000003
0.012949,205,1.596528,1.724794,0.034429,0.040765,0.446928
0.013784,205,1.390085,1.503544,0.12948,0.14472,0.880571
0.01462,205,2.74292,,,0.047631,
0.015455,205,3.0,,,0.021551,
0.016291,205,,,,,
0.017126,205,,,,,
0.017962,205,,,,,
0.018797,205,,,,,
0.019632,205,,,,,
0.020468,205,,,,,
0.021303,205,,,,,
0.022139,205,,,,,
0.022974,205,,,,,
0.02381,205,,,,,
0.024645,205,,,,,
0.02548,205,,,,,
0.026316,205,,,,,
0.027151,205,,,,,
0.027987,205,,,,,
0.007937,210,3.0,3.0,0.043093,0.043093,2.5861859999999997
0.008772,210,3.0,,,0.039474,
0.009607,210,2.843774,2.908521,0.03453,0.024622,2.311447
0.010443,210,2.37854,2.463062,0.064182,0.049473,1.455257
0.011278,210,2.687256,2.101318,0.085297,0.047818,1.421689
0.012114,210,1.882217,1.986216,0.068139,0.056715,0.5208550000000001
0.012949,210,1.514228,1.638494,0.060462,0.052041,0.48823700000000003
0.013784,210,1.570429,1.702695,0.080905,0.104952,0.5535909999999999
0.01462,210,2.591309,2.727466,0.051533,0.026195,1.896503
0.015455,210,,,,,
0.016291,210,,,,,
0.017126,210,,,,,
0.017962,210,,,,,
0.018797,210,,,,,
0.019632,210,,,,,
0.020468,210,,,,,
0.021303,210,,,,,
0.022139,210,,,,,
0.022974,210,,,,,
0.02381,210,,,,,
0.024645,210,,,,,
0.02548,210,,,,,
0.026316,210,,,,,
0.027151,210,,,,,
0.027987,210,,,,,
0.007937,215,3.0,3.0,0.039352,0.029451,2.568803
0.008772,215,3.0,3.0,0.016907,0.016907,2.5338139999999996
0.009607,215,2.709229,2.766138,0.058409,0.048549,2.0823250000000004
0.010443,215,2.50481,2.605005,0.045285,0.024776,1.6798759999999997
0.011278,215,2.546704,2.974072,0.086525,0.071686,2.1789870000000002
0.012114,215,2.076001,2.464819,0.042455,0.049898,1.133173
0.012949,215,1.454606,1.572616,0.060472,0.061527,0.5947769999999999
0.013784,215,1.745049,1.903949,0.096727,0.100104,0.5379310000000002
0.01462,215,2.852271,3.0,0.03779,0.025414,2.4154750000000003
0.015455,215,2.968579,,,0.036413,
0.016291,215,,,,,
0.017126,215,,,,,
0.017962,215,,,,,
0.018797,215,,,,,
0.019632,215,,,,,
0.020468,215,,,,,
0.021303,215,,,,,
0.022139,215,,,,,
0.022974,215,,,,,
0.02381,215,,,,,
0.024645,215,,,,,
0.02548,215,,,,,
0.026316,215,,,,,
0.027151,215,,,,,
0.027987,215,,,,,
0.007937,220,3.0,,,0.043093,
0.008772,220,3.0,3.0,0.034692,0.019987,2.554679
0.009607,220,2.608813,2.654663,0.0636,0.054855,1.8819310000000005
0.010443,220,2.510889,2.574536,0.0508,0.037628,1.6738530000000003
0.011278,220,2.253507,2.595264,0.07356,0.041866,1.4641969999999997
0.012114,220,1.780406,1.899097,0.071166,0.058558,0.5110329999999998
0.012949,220,1.395123,1.50258,0.063627,0.082763,0.7486870000000001
0.013784,220,1.729085,1.878805,0.093034,0.123801,0.5671149999999999
0.01462,220,2.597827,,,0.03977,
0.015455,220,3.0,,,0.01966,
0.016291,220,,,,,
0.017126,220,,,,,
0.017962,220,,,,,
0.018797,220,,,,,
0.019632,220,,,,,
0.020468,220,,,,,
0.021303,220,,,,,
0.022139,220,,,,,
0.022974,220,,,,,
0.02381,220,,,,,
0.024645,220,,,,,
0.02548,220,,,,,
0.026316,220,,,,,
0.027151,220,,,,,
0.027987,220,,,,,
0.007937,225,3.0,3.0,0.034253,0.024303,2.5585560000000003
0.008772,225,3.0,3.0,0.034104,0.028293,2.5623970000000003
0.009607,225,2.867871,2.936938,0.022021,0.011695,2.338525
0.010443,225,2.385498,2.465259,0.07438,0.055976,1.4811130000000001
0.011278,225,2.33775,2.72146,0.060757,0.05193,1.6718970000000002
0.012114,225,1.702169,2.375346,0.079907,0.064893,0.722315
0.012949,225,1.373925,1.48465,0.073829,0.095455,0.8107089999999999
0.013784,225,1.986669,2.155518,0.064852,0.054744,0.7617829999999999
0.01462,225,2.42124,2.524365,0.041536,0.027378,1.514519
0.015455,225,,,,,
0.016291,225,,,,,
0.017126,225,,,,,
0.017962,225,,,,,
0.018797,225,,,,,
0.019632,225,,,,,
0.020468,225,,,,,
0.021303,225,,,,,
0.022139,225,,,,,
0.022974,225,,,,,
0.02381,225,,,,,
0.024645,225,,,,,
0.02548,225,,,,,
0.026316,225,,,,,
0.027151,225,,,,,
0.027987,225,,,,,
0.007937,230,3.0,3.0,0.058093,0.058093,2.616186
0.008772,230,2.969971,3.0,0.030912,0.02674,2.527623
0.009607,230,2.792065,2.843848,0.058947,0.0506,2.24546
0.010443,230,2.342212,2.423657,0.064952,0.045398,1.3762189999999999
0.011278,230,2.083304,2.179248,0.060469,0.031202,0.8542229999999998
0.012114,230,1.643751,1.770517,0.080094,0.069126,0.5224540000000001
0.012949,230,1.335111,1.439818,0.094206,0.121008,0.940285
0.013784,230,2.099487,2.313721,0.045373,0.036523,0.995104
0.01462,230,,,,,
0.015455,230,,,,,
0.016291,230,,,,,
0.017126,230,,,,,
0.017962,230,,,,,
0.018797,230,,,,,
0.019632,230,,,,,
0.020468,230,,,,,
0.021303,230,,,,,
0.022139,230,,,,,
0.022974,230,,,,,
0.02381,230,,,,,
0.024645,230,,,,,
0.02548,230,,,,,
0.026316,230,,,,,
0.027151,230,,,,,
0.027987,230,,,,,
0.007937,235,3.0,3.0,0.034104,0.029104,2.563208
0.008772,235,2.635693,2.707251,0.052072,0.038907,1.9339229999999996
0.009607,235,2.738452,2.789648,0.043982,0.035321,2.1074030000000006
0.010443,235,2.915552,2.424902,0.07632,0.031586,1.9483599999999996
0.011278,235,1.983684,2.645801,0.071151,0.063767,1.264403
0.012114,235,1.632539,1.75185,0.078335,0.05354,0.512564
0.012949,235,2.073204,1.374824,0.116497,0.11844,1.4333170000000002
0.013784,235,2.086495,2.25498,0.05006,0.059104,0.9506390000000005
0.01462,235,,,,,
0.015455,235,,,,,
0.016291,235,,,,,
0.017126,235,,,,,
0.017962,235,,,,,
0.018797,235,,,,,
0.019632,235,,,,,
0.020468,235,,,,,
0.021303,235,,,,,
0.022139,235,,,,,
0.022974,235,,,,,
0.02381,235,,,,,
0.024645,235,,,,,
0.02548,235,,,,,
0.026316,235,,,,,
0.027151,235,,,,,
0.027987,235,,,,,
0.007937,240,3.0,3.0,0.044104,0.044104,2.588208
0.008772,240,2.884424,2.936499,0.037952,0.030222,2.3890970000000005
0.009607,240,2.673853,2.744092,0.059504,0.047014,2.024463
0.010443,240,2.194922,2.287939,0.064641,0.039112,1.0866140000000002
0.011278,240,1.904481,2.36045,0.061232,0.031737,0.8579000000000002
0.012114,240,1.648036,2.553122,0.060381,0.0436,0.8051390000000002
0.012949,240,2.973818,2.998453,0.087709,0.118327,2.6783069999999998
0.013784,240,2.389087,2.494849,0.035997,0.045302,1.4652349999999998
0.01462,240,,,,,
0.015455,240,,,,,
0.016291,240,,,,,
0.017126,240,,,,,
0.017962,240,,,,,
0.018797,240,,,,,
0.019632,240,,,,,
0.020468,240,,,,,
0.021303,240,,,,,
0.022139,240,,,,,
0.022974,240,,,,,
0.02381,240,,,,,
0.024645,240,,,,,
0.02548,240,,,,,
0.026316,240,,,,,
0.027151,240,,,,,
0.027987,240,,,,,
0.007937,245,3.0,,,0.054231,
0.008772,245,2.633716,2.757788,0.07072,0.048383,2.0106070000000003
0.009607,245,2.929395,2.51001,0.071115,0.0327,2.04322
0.010443,245,2.676123,2.781592,0.061136,0.027192,2.046043
0.011278,245,1.984683,2.578711,0.082459,0.059476,1.2053290000000003
0.012114,245,1.568072,1.688702,0.051486,0.056159,0.487015
0.012949,245,2.466932,2.51902,0.122131,0.136404,1.7444869999999997
0.013784,245,2.138672,2.304272,0.084769,0.054137,1.0818500000000002
0.01462,245,2.934741,,,0.017141,
0.015455,245,,,,,
0.016291,245,,,,,
0.017126,245,,,,,
0.017962,245,,,,,
0.018797,245,,,,,
0.019632,245,,,,,
0.020468,245,,,,,
0.021303,245,,,,,
0.022139,245,,,,,
0.022974,245,,,,,
0.02381,245,,,,,
0.024645,245,,,,,
0.02548,245,,,,,
0.026316,245,,,,,
0.027151,245,,,,,
0.027987,245,,,,,
0.007937,250,3.0,3.0,0.039229,0.034253,2.5734820000000003
0.008772,250,2.766064,2.819312,0.038871,0.030092,2.154339
0.009607,250,2.918994,2.490381,0.078313,0.050236,2.0379240000000003
0.010443,250,2.143652,2.24436,0.066855,0.044468,0.9993349999999998
0.011278,250,1.893813,2.757129,0.077748,0.048304,1.2769939999999997
0.012114,250,1.538398,1.816579,0.07748,0.045556,0.34485499999999997
0.012949,250,2.962159,2.917998,0.163155,0.117361,2.660673
0.013784,250,2.682568,,,0.047242,
0.01462,250,,,,,
0.015455,250,,,,,
0.016291,250,,,,,
0.017126,250,,,,,
0.017962,250,,,,,
0.018797,250,,,,,
0.019632,250,,,,,
0.020468,250,,,,,
0.021303,250,,,,,
0.022139,250,,,,,
0.022974,250,,,,,
0.02381,250,,,,,
0.024645,250,,,,,
0.02548,250,,,,,
0.026316,250,,,,,
0.027151,250,,,,,
0.027987,250,,,,,
0.007937,255,3.0,3.0,0.039229,0.039229,2.5784580000000004
0.008772,255,2.611963,2.701758,0.046165,0.029423,1.8893089999999997
0.009607,255,2.466357,2.538647,0.038637,0.02311,1.566751
0.010443,255,2.137866,2.246191,0.062941,0.052093,0.9990909999999998
0.011278,255,1.980857,2.292492,0.077454,0.057115,0.9079180000000003
0.012114,255,1.560786,1.673362,0.063476,0.041652,0.492552
0.012949,255,2.981165,2.331782,0.161666,0.15554,2.130153
0.013784,255,2.453979,2.604199,0.095397,0.078179,1.7317539999999998
0.01462,255,,,,,
0.015455,255,,,,,
0.016291,255,,,,,
0.017126,255,,,,,
0.017962,255,,,,,
0.018797,255,,,,,
0.019632,255,,,,,
0.020468,255,,,,,
0.021303,255,,,,,
0.022139,255,,,,,
0.022974,255,,,,,
0.02381,255,,,,,
0.024645,255,,,,,
0.02548,255,,,,,
0.026316,255,,,,,
0.027151,255,,,,,
0.027987,255,,,,,
0.007937,260,3.0,3.0,0.029278,0.025937,2.555215
0.008772,260,2.854541,2.907422,0.037127,0.029069,2.328159
0.009607,260,2.409009,2.511108,0.074553,0.051738,1.5464080000000004
0.010443,260,2.08645,2.960669,0.086324,0.097837,1.7312800000000004
0.011278,260,2.262091,2.938477,0.066632,0.04847,1.8156699999999997
0.012114,260,1.465558,1.581908,0.07813,0.064446,0.59511
0.012949,260,2.304446,1.335099,0.163447,0.178041,1.810835
0.013784,260,2.715308,2.852197,0.039765,0.027025,2.134295
0.01462,260,,,,,
0.015455,260,,,,,
0.016291,260,,,,,
0.017126,260,,,,,
0.017962,260,,,,,
0.018797,260,,,,,
0.019632,260,,,,,
0.020468,260,,,,,
0.021303,260,,,,,
0.022139,260,,,,,
0.022974,260,,,,,
0.02381,260,,,,,
0.024645,260,,,,,
0.02548,260,,,,,
0.026316,260,,,,,
0.027151,260,,,,,
0.027987,260,,,,,
0.007937,265,2.942725,3.0,0.034878,0.026822,2.504425
0.008772,265,2.612183,2.662866,0.066555,0.056939,1.898543
0.009607,265,2.734058,2.392236,0.065706,0.046957,1.738957
0.010443,265,2.053586,2.671729,0.055232,0.048034,1.328581
0.011278,265,2.398167,2.63313,0.075309,0.062657,1.669263
0.012114,265,1.454311,1.571618,0.069682,0.067316,0.6110690000000002
0.012949,265,2.631032,2.756885,0.139997,0.159207,2.187121
0.013784,265,2.538281,,,0.100476,
0.01462,265,3.0,,,0.03906,
0.015455,265,,,,,
0.016291,265,,,,,
0.017126,265,,,,,
0.017962,265,,,,,
0.018797,265,,,,,
0.019632,265,,,,,
0.020468,265,,,,,
0.021303,265,,,,,
0.022139,265,,,,,
0.022974,265,,,,,
0.02381,265,,,,,
0.024645,265,,,,,
0.02548,265,,,,,
0.026316,265,,,,,
0.027151,265,,,,,
0.027987,265,,,,,
0.007937,270,3.0,3.0,0.028342,0.01955,2.547892
0.008772,270,2.728931,2.787012,0.060848,0.050968,2.127759
0.009607,270,2.433984,2.502686,0.066773,0.051543,1.5549860000000002
0.010443,270,1.994343,2.093262,0.085324,0.052473,0.7254020000000001
0.011278,270,2.085858,2.615845,0.079991,0.068488,1.350182
0.012114,270,1.405009,1.603532,0.068923,0.059237,0.619619
0.012949,270,2.686131,1.367098,0.176977,0.182526,2.1785360000000003
0.013784,270,2.649536,2.926318,0.028365,0.037036,2.141255
0.01462,270,,,,,
0.015455,270,,,,,
0.016291,270,,,,,
0.017126,270,,,,,
0.017962,270,,,,,
0.018797,270,,,,,
0.019632,270,,,,,
0.020468,270,,,,,
0.021303,270,,,,,
0.022139,270,,,,,
0.022974,270,,,,,
0.02381,270,,,,,
0.024645,270,,,,,
0.02548,270,,,,,
0.026316,270,,,,,
0.027151,270,,,,,
0.027987,270,,,,,
0.007937,275,2.963452,3.0,0.031907,0.026814,2.522173
0.008772,275,2.610937,2.673413,0.0685,0.056697,1.9095469999999999
0.009607,275,2.238574,2.303467,0.073426,0.056114,1.1715809999999998
0.010443,275,1.899851,2.860107,0.085774,0.076262,1.4219940000000002
0.011278,275,1.6939,2.083813,0.078487,0.058219,0.4144190000000001
0.012114,275,1.378879,1.493204,0.093533,0.093256,0.814706
0.012949,275,1.227518,1.486804,0.186847,0.235278,1.207803
0.013784,275,2.430615,2.578418,0.086724,0.055016,1.650773
0.01462,275,,,,,
0.015455,275,,,,,
0.016291,275,,,,,
0.017126,275,,,,,
0.017962,275,,,,,
0.018797,275,,,,,
0.019632,275,,,,,
0.020468,275,,,,,
0.021303,275,,,,,
0.022139,275,,,,,
0.022974,275,,,,,
0.02381,275,,,,,
0.024645,275,,,,,
0.02548,275,,,,,
0.026316,275,,,,,
0.027151,275,,,,,
0.027987,275,,,,,
0.007937,280,3.0,3.0,0.029621,0.019099,2.5487200000000003
0.008772,280,2.754272,2.823047,0.04702,0.035638,2.1599769999999996
0.009607,280,2.795947,2.336572,0.097121,0.050334,1.779974
0.010443,280,2.315839,2.704102,0.051753,0.049806,1.6214999999999997
0.011278,280,1.64354,1.756382,0.087341,0.061253,0.5357519999999999
0.012114,280,1.336603,1.441369,0.110492,0.122203,0.9547230000000002
0.012949,280,1.448004,1.567396,0.152635,0.220923,0.8581579999999999
0.013784,280,,,,,
0.01462,280,,,,,
0.015455,280,,,,,
0.016291,280,,,,,
0.017126,280,,,,,
0.017962,280,,,,,
0.018797,280,,,,,
0.019632,280,,,,,
0.020468,280,,,,,
0.021303,280,,,,,
0.022139,280,,,,,
0.022974,280,,,,,
0.02381,280,,,,,
0.024645,280,,,,,
0.02548,280,,,,,
0.026316,280,,,,,
0.027151,280,,,,,
0.027987,280,,,,,
